file,line,type,commit,author,date,time,timezone,datetime,depth,length
style.css,1,css,7e55da59,MaayahGa,2025-10-10,19:31:07,-07:00,2025-10-10T19:31:07-07:00,0,23
style.css,2,css,2a6eaf9e,MaayahGa,2025-10-10,19:23:36,-07:00,2025-10-10T19:23:36-07:00,0,4
style.css,3,css,2a6eaf9e,MaayahGa,2025-10-10,19:23:36,-07:00,2025-10-10T19:23:36-07:00,1,31
style.css,4,css,2a6eaf9e,MaayahGa,2025-10-10,19:23:36,-07:00,2025-10-10T19:23:36-07:00,1,37
style.css,5,css,2a6eaf9e,MaayahGa,2025-10-10,19:23:36,-07:00,2025-10-10T19:23:36-07:00,1,32
style.css,6,css,2a6eaf9e,MaayahGa,2025-10-10,19:23:36,-07:00,2025-10-10T19:23:36-07:00,0,0
style.css,7,css,2a6eaf9e,MaayahGa,2025-10-10,19:23:36,-07:00,2025-10-10T19:23:36-07:00,0,0
style.css,8,css,6340c434,MaayahGa,2025-10-16,15:22:36,-07:00,2025-10-16T15:22:36-07:00,0,13
style.css,9,css,6340c434,MaayahGa,2025-10-16,15:22:36,-07:00,2025-10-16T15:22:36-07:00,1,16
style.css,10,css,6340c434,MaayahGa,2025-10-16,15:22:36,-07:00,2025-10-16T15:22:36-07:00,1,25
style.css,11,css,6340c434,MaayahGa,2025-10-16,15:22:36,-07:00,2025-10-16T15:22:36-07:00,1,25
style.css,12,css,6340c434,MaayahGa,2025-10-16,15:22:36,-07:00,2025-10-16T15:22:36-07:00,0,0
style.css,13,css,6340c434,MaayahGa,2025-10-16,15:22:36,-07:00,2025-10-16T15:22:36-07:00,0,0
style.css,14,css,94428de6,MaayahGa,2025-09-30,12:28:46,-07:00,2025-09-30T12:28:46-07:00,0,4
style.css,15,css,94428de6,MaayahGa,2025-09-30,12:28:46,-07:00,2025-09-30T12:28:46-07:00,1,23
style.css,16,css,2a6eaf9e,MaayahGa,2025-10-10,19:23:36,-07:00,2025-10-10T19:23:36-07:00,1,15
style.css,17,css,2a6eaf9e,MaayahGa,2025-10-10,19:23:36,-07:00,2025-10-10T19:23:36-07:00,1,42
style.css,18,css,2a6eaf9e,MaayahGa,2025-10-10,19:23:36,-07:00,2025-10-10T19:23:36-07:00,0,0
style.css,19,css,2a6eaf9e,MaayahGa,2025-10-10,19:23:36,-07:00,2025-10-10T19:23:36-07:00,0,0
style.css,20,css,2a6eaf9e,MaayahGa,2025-10-10,19:23:36,-07:00,2025-10-10T19:23:36-07:00,0,3
style.css,21,css,2a6eaf9e,MaayahGa,2025-10-10,19:23:36,-07:00,2025-10-10T19:23:36-07:00,1,12
style.css,22,css,2a6eaf9e,MaayahGa,2025-10-10,19:23:36,-07:00,2025-10-10T19:23:36-07:00,1,41
style.css,23,css,2a6eaf9e,MaayahGa,2025-10-10,19:23:36,-07:00,2025-10-10T19:23:36-07:00,1,17
style.css,24,css,2a6eaf9e,MaayahGa,2025-10-10,19:23:36,-07:00,2025-10-10T19:23:36-07:00,0,0
style.css,25,css,2a6eaf9e,MaayahGa,2025-10-10,19:23:36,-07:00,2025-10-10T19:23:36-07:00,0,0
style.css,26,css,2a6eaf9e,MaayahGa,2025-10-10,19:23:36,-07:00,2025-10-10T19:23:36-07:00,0,5
style.css,27,css,2a6eaf9e,MaayahGa,2025-10-10,19:23:36,-07:00,2025-10-10T19:23:36-07:00,1,6
style.css,28,css,2a6eaf9e,MaayahGa,2025-10-10,19:23:36,-07:00,2025-10-10T19:23:36-07:00,1,17
style.css,29,css,2a6eaf9e,MaayahGa,2025-10-10,19:23:36,-07:00,2025-10-10T19:23:36-07:00,1,20
style.css,30,css,2a6eaf9e,MaayahGa,2025-10-10,19:23:36,-07:00,2025-10-10T19:23:36-07:00,1,13
style.css,31,css,2a6eaf9e,MaayahGa,2025-10-10,19:23:36,-07:00,2025-10-10T19:23:36-07:00,1,13
style.css,32,css,2a6eaf9e,MaayahGa,2025-10-10,19:23:36,-07:00,2025-10-10T19:23:36-07:00,0,0
style.css,33,css,2a6eaf9e,MaayahGa,2025-10-10,19:23:36,-07:00,2025-10-10T19:23:36-07:00,0,0
style.css,34,css,2a6eaf9e,MaayahGa,2025-10-10,19:23:36,-07:00,2025-10-10T19:23:36-07:00,0,13
style.css,35,css,2a6eaf9e,MaayahGa,2025-10-10,19:23:36,-07:00,2025-10-10T19:23:36-07:00,1,43
style.css,36,css,2a6eaf9e,MaayahGa,2025-10-10,19:23:36,-07:00,2025-10-10T19:23:36-07:00,1,20
style.css,37,css,2a6eaf9e,MaayahGa,2025-10-10,19:23:36,-07:00,2025-10-10T19:23:36-07:00,1,16
style.css,38,css,2a6eaf9e,MaayahGa,2025-10-10,19:23:36,-07:00,2025-10-10T19:23:36-07:00,0,0
style.css,39,css,2a6eaf9e,MaayahGa,2025-10-10,19:23:36,-07:00,2025-10-10T19:23:36-07:00,0,0
style.css,40,css,2a6eaf9e,MaayahGa,2025-10-10,19:23:36,-07:00,2025-10-10T19:23:36-07:00,0,11
style.css,41,css,2a6eaf9e,MaayahGa,2025-10-10,19:23:36,-07:00,2025-10-10T19:23:36-07:00,1,45
style.css,42,css,2a6eaf9e,MaayahGa,2025-10-10,19:23:36,-07:00,2025-10-10T19:23:36-07:00,1,42
style.css,43,css,3728b69d,MaayahGa,2025-09-30,13:21:38,-07:00,2025-09-30T13:21:38-07:00,0,0
style.css,44,css,3728b69d,MaayahGa,2025-09-30,13:21:38,-07:00,2025-09-30T13:21:38-07:00,0,0
style.css,45,css,3728b69d,MaayahGa,2025-09-30,13:21:38,-07:00,2025-09-30T13:21:38-07:00,0,3
style.css,46,css,2a6eaf9e,MaayahGa,2025-10-10,19:23:36,-07:00,2025-10-10T19:23:36-07:00,1,15
style.css,47,css,2a6eaf9e,MaayahGa,2025-10-10,19:23:36,-07:00,2025-10-10T19:23:36-07:00,1,10
style.css,48,css,2a6eaf9e,MaayahGa,2025-10-10,19:23:36,-07:00,2025-10-10T19:23:36-07:00,1,11
style.css,49,css,2a6eaf9e,MaayahGa,2025-10-10,19:23:36,-07:00,2025-10-10T19:23:36-07:00,1,13
style.css,50,css,2a6eaf9e,MaayahGa,2025-10-10,19:23:36,-07:00,2025-10-10T19:23:36-07:00,1,16
style.css,51,css,2a6eaf9e,MaayahGa,2025-10-10,19:23:36,-07:00,2025-10-10T19:23:36-07:00,0,0
style.css,52,css,2a6eaf9e,MaayahGa,2025-10-10,19:23:36,-07:00,2025-10-10T19:23:36-07:00,0,0
style.css,53,css,2a6eaf9e,MaayahGa,2025-10-10,19:23:36,-07:00,2025-10-10T19:23:36-07:00,0,4
style.css,54,css,2a6eaf9e,MaayahGa,2025-10-10,19:23:36,-07:00,2025-10-10T19:23:36-07:00,0,7
style.css,55,css,2a6eaf9e,MaayahGa,2025-10-10,19:23:36,-07:00,2025-10-10T19:23:36-07:00,0,6
style.css,56,css,2a6eaf9e,MaayahGa,2025-10-10,19:23:36,-07:00,2025-10-10T19:23:36-07:00,1,12
style.css,57,css,2a6eaf9e,MaayahGa,2025-10-10,19:23:36,-07:00,2025-10-10T19:23:36-07:00,0,0
style.css,58,css,2a6eaf9e,MaayahGa,2025-10-10,19:23:36,-07:00,2025-10-10T19:23:36-07:00,0,0
style.css,59,css,2a6eaf9e,MaayahGa,2025-10-10,19:23:36,-07:00,2025-10-10T19:23:36-07:00,0,15
style.css,60,css,2a6eaf9e,MaayahGa,2025-10-10,19:23:36,-07:00,2025-10-10T19:23:36-07:00,1,13
style.css,61,css,2a6eaf9e,MaayahGa,2025-10-10,19:23:36,-07:00,2025-10-10T19:23:36-07:00,1,34
style.css,62,css,2a6eaf9e,MaayahGa,2025-10-10,19:23:36,-07:00,2025-10-10T19:23:36-07:00,1,20
style.css,63,css,2a6eaf9e,MaayahGa,2025-10-10,19:23:36,-07:00,2025-10-10T19:23:36-07:00,1,21
style.css,64,css,2a6eaf9e,MaayahGa,2025-10-10,19:23:36,-07:00,2025-10-10T19:23:36-07:00,1,10
style.css,65,css,2a6eaf9e,MaayahGa,2025-10-10,19:23:36,-07:00,2025-10-10T19:23:36-07:00,0,0
style.css,66,css,2a6eaf9e,MaayahGa,2025-10-10,19:23:36,-07:00,2025-10-10T19:23:36-07:00,0,0
style.css,67,css,2a6eaf9e,MaayahGa,2025-10-10,19:23:36,-07:00,2025-10-10T19:23:36-07:00,0,6
style.css,68,css,2a6eaf9e,MaayahGa,2025-10-10,19:23:36,-07:00,2025-10-10T19:23:36-07:00,1,13
style.css,69,css,2a6eaf9e,MaayahGa,2025-10-10,19:23:36,-07:00,2025-10-10T19:23:36-07:00,1,36
style.css,70,css,2a6eaf9e,MaayahGa,2025-10-10,19:23:36,-07:00,2025-10-10T19:23:36-07:00,1,11
style.css,71,css,2a6eaf9e,MaayahGa,2025-10-10,19:23:36,-07:00,2025-10-10T19:23:36-07:00,1,11
style.css,72,css,2a6eaf9e,MaayahGa,2025-10-10,19:23:36,-07:00,2025-10-10T19:23:36-07:00,1,20
style.css,73,css,2a6eaf9e,MaayahGa,2025-10-10,19:23:36,-07:00,2025-10-10T19:23:36-07:00,1,14
style.css,74,css,2a6eaf9e,MaayahGa,2025-10-10,19:23:36,-07:00,2025-10-10T19:23:36-07:00,0,0
style.css,75,css,2a6eaf9e,MaayahGa,2025-10-10,19:23:36,-07:00,2025-10-10T19:23:36-07:00,0,0
style.css,76,css,2a6eaf9e,MaayahGa,2025-10-10,19:23:36,-07:00,2025-10-10T19:23:36-07:00,0,12
style.css,77,css,2a6eaf9e,MaayahGa,2025-10-10,19:23:36,-07:00,2025-10-10T19:23:36-07:00,1,42
style.css,78,css,2a6eaf9e,MaayahGa,2025-10-10,19:23:36,-07:00,2025-10-10T19:23:36-07:00,0,0
style.css,79,css,4f556bc0,MaayahGa,2025-10-24,20:28:06,-07:00,2025-10-24T20:28:06-07:00,0,0
style.css,80,css,2a6eaf9e,MaayahGa,2025-10-10,19:23:36,-07:00,2025-10-10T19:23:36-07:00,0,4
style.css,81,css,2a6eaf9e,MaayahGa,2025-10-10,19:23:36,-07:00,2025-10-10T19:23:36-07:00,1,12
style.css,82,css,2a6eaf9e,MaayahGa,2025-10-10,19:23:36,-07:00,2025-10-10T19:23:36-07:00,1,30
style.css,83,css,2a6eaf9e,MaayahGa,2025-10-10,19:23:36,-07:00,2025-10-10T19:23:36-07:00,1,7
style.css,84,css,2a6eaf9e,MaayahGa,2025-10-10,19:23:36,-07:00,2025-10-10T19:23:36-07:00,0,0
style.css,85,css,2a6eaf9e,MaayahGa,2025-10-10,19:23:36,-07:00,2025-10-10T19:23:36-07:00,0,0
style.css,86,css,2a6eaf9e,MaayahGa,2025-10-10,19:23:36,-07:00,2025-10-10T19:23:36-07:00,0,5
style.css,87,css,2a6eaf9e,MaayahGa,2025-10-10,19:23:36,-07:00,2025-10-10T19:23:36-07:00,1,12
style.css,88,css,2a6eaf9e,MaayahGa,2025-10-10,19:23:36,-07:00,2025-10-10T19:23:36-07:00,1,29
style.css,89,css,2a6eaf9e,MaayahGa,2025-10-10,19:23:36,-07:00,2025-10-10T19:23:36-07:00,1,18
style.css,90,css,2a6eaf9e,MaayahGa,2025-10-10,19:23:36,-07:00,2025-10-10T19:23:36-07:00,1,18
style.css,91,css,2a6eaf9e,MaayahGa,2025-10-10,19:23:36,-07:00,2025-10-10T19:23:36-07:00,0,0
style.css,92,css,2a6eaf9e,MaayahGa,2025-10-10,19:23:36,-07:00,2025-10-10T19:23:36-07:00,0,0
style.css,93,css,2a6eaf9e,MaayahGa,2025-10-10,19:23:36,-07:00,2025-10-10T19:23:36-07:00,0,21
style.css,94,css,2a6eaf9e,MaayahGa,2025-10-10,19:23:36,-07:00,2025-10-10T19:23:36-07:00,1,18
style.css,95,css,2a6eaf9e,MaayahGa,2025-10-10,19:23:36,-07:00,2025-10-10T19:23:36-07:00,1,18
style.css,96,css,2a6eaf9e,MaayahGa,2025-10-10,19:23:36,-07:00,2025-10-10T19:23:36-07:00,0,0
style.css,97,css,2a6eaf9e,MaayahGa,2025-10-10,19:23:36,-07:00,2025-10-10T19:23:36-07:00,0,0
style.css,98,css,4f556bc0,MaayahGa,2025-10-24,20:28:06,-07:00,2025-10-24T20:28:06-07:00,0,0
style.css,99,css,2a6eaf9e,MaayahGa,2025-10-10,19:23:36,-07:00,2025-10-10T19:23:36-07:00,0,0
style.css,100,css,2a6eaf9e,MaayahGa,2025-10-10,19:23:36,-07:00,2025-10-10T19:23:36-07:00,0,9
style.css,101,css,2a6eaf9e,MaayahGa,2025-10-10,19:23:36,-07:00,2025-10-10T19:23:36-07:00,1,12
style.css,102,css,7e55da59,MaayahGa,2025-10-10,19:31:07,-07:00,2025-10-10T19:31:07-07:00,1,58
style.css,103,css,7e55da59,MaayahGa,2025-10-10,19:31:07,-07:00,2025-10-10T19:31:07-07:00,1,7
style.css,104,css,7e55da59,MaayahGa,2025-10-10,19:31:07,-07:00,2025-10-10T19:31:07-07:00,1,12
style.css,105,css,2a6eaf9e,MaayahGa,2025-10-10,19:23:36,-07:00,2025-10-10T19:23:36-07:00,0,0
style.css,106,css,2a6eaf9e,MaayahGa,2025-10-10,19:23:36,-07:00,2025-10-10T19:23:36-07:00,0,0
style.css,107,css,2a6eaf9e,MaayahGa,2025-10-10,19:23:36,-07:00,2025-10-10T19:23:36-07:00,0,17
style.css,108,css,2a6eaf9e,MaayahGa,2025-10-10,19:23:36,-07:00,2025-10-10T19:23:36-07:00,1,12
style.css,109,css,7e55da59,MaayahGa,2025-10-10,19:31:07,-07:00,2025-10-10T19:31:07-07:00,1,26
style.css,110,css,4f556bc0,MaayahGa,2025-10-24,20:28:06,-07:00,2025-10-24T20:28:06-07:00,1,15
style.css,111,css,7e55da59,MaayahGa,2025-10-10,19:31:07,-07:00,2025-10-10T19:31:07-07:00,1,9
style.css,112,css,2a6eaf9e,MaayahGa,2025-10-10,19:23:36,-07:00,2025-10-10T19:23:36-07:00,0,0
style.css,113,css,2a6eaf9e,MaayahGa,2025-10-10,19:23:36,-07:00,2025-10-10T19:23:36-07:00,0,0
style.css,114,css,2a6eaf9e,MaayahGa,2025-10-10,19:23:36,-07:00,2025-10-10T19:23:36-07:00,0,20
style.css,115,css,2a6eaf9e,MaayahGa,2025-10-10,19:23:36,-07:00,2025-10-10T19:23:36-07:00,1,8
style.css,116,css,2a6eaf9e,MaayahGa,2025-10-10,19:23:36,-07:00,2025-10-10T19:23:36-07:00,0,0
style.css,117,css,2a6eaf9e,MaayahGa,2025-10-10,19:23:36,-07:00,2025-10-10T19:23:36-07:00,0,0
style.css,118,css,2a6eaf9e,MaayahGa,2025-10-10,19:23:36,-07:00,2025-10-10T19:23:36-07:00,0,21
style.css,119,css,2a6eaf9e,MaayahGa,2025-10-10,19:23:36,-07:00,2025-10-10T19:23:36-07:00,1,10
style.css,120,css,2a6eaf9e,MaayahGa,2025-10-10,19:23:36,-07:00,2025-10-10T19:23:36-07:00,1,11
style.css,121,css,2a6eaf9e,MaayahGa,2025-10-10,19:23:36,-07:00,2025-10-10T19:23:36-07:00,1,13
style.css,122,css,2a6eaf9e,MaayahGa,2025-10-10,19:23:36,-07:00,2025-10-10T19:23:36-07:00,0,0
style.css,123,css,2a6eaf9e,MaayahGa,2025-10-10,19:23:36,-07:00,2025-10-10T19:23:36-07:00,0,0
style.css,124,css,2a6eaf9e,MaayahGa,2025-10-10,19:23:36,-07:00,2025-10-10T19:23:36-07:00,0,19
style.css,125,css,2a6eaf9e,MaayahGa,2025-10-10,19:23:36,-07:00,2025-10-10T19:23:36-07:00,1,8
style.css,126,css,2a6eaf9e,MaayahGa,2025-10-10,19:23:36,-07:00,2025-10-10T19:23:36-07:00,0,0
style.css,127,css,2a6eaf9e,MaayahGa,2025-10-10,19:23:36,-07:00,2025-10-10T19:23:36-07:00,0,0
style.css,128,css,2a6eaf9e,MaayahGa,2025-10-10,19:23:36,-07:00,2025-10-10T19:23:36-07:00,0,22
style.css,129,css,7e55da59,MaayahGa,2025-10-10,19:31:07,-07:00,2025-10-10T19:31:07-07:00,1,15
style.css,130,css,7e55da59,MaayahGa,2025-10-10,19:31:07,-07:00,2025-10-10T19:31:07-07:00,1,17
style.css,131,css,2a6eaf9e,MaayahGa,2025-10-10,19:23:36,-07:00,2025-10-10T19:23:36-07:00,0,0
style.css,132,css,2a6eaf9e,MaayahGa,2025-10-10,19:23:36,-07:00,2025-10-10T19:23:36-07:00,0,0
style.css,133,css,2a6eaf9e,MaayahGa,2025-10-10,19:23:36,-07:00,2025-10-10T19:23:36-07:00,0,2
style.css,134,css,7e55da59,MaayahGa,2025-10-10,19:31:07,-07:00,2025-10-10T19:31:07-07:00,1,14
style.css,135,css,2a6eaf9e,MaayahGa,2025-10-10,19:23:36,-07:00,2025-10-10T19:23:36-07:00,0,0
style.css,136,css,2a6eaf9e,MaayahGa,2025-10-10,19:23:36,-07:00,2025-10-10T19:23:36-07:00,0,0
style.css,137,css,2a6eaf9e,MaayahGa,2025-10-10,19:23:36,-07:00,2025-10-10T19:23:36-07:00,0,2
style.css,138,css,7e55da59,MaayahGa,2025-10-10,19:31:07,-07:00,2025-10-10T19:31:07-07:00,1,16
style.css,139,css,2a6eaf9e,MaayahGa,2025-10-10,19:23:36,-07:00,2025-10-10T19:23:36-07:00,0,0
style.css,140,css,2a6eaf9e,MaayahGa,2025-10-10,19:23:36,-07:00,2025-10-10T19:23:36-07:00,0,0
style.css,141,css,2a6eaf9e,MaayahGa,2025-10-10,19:23:36,-07:00,2025-10-10T19:23:36-07:00,0,0
style.css,142,css,7e55da59,MaayahGa,2025-10-10,19:31:07,-07:00,2025-10-10T19:31:07-07:00,0,11
style.css,143,css,2a6eaf9e,MaayahGa,2025-10-10,19:23:36,-07:00,2025-10-10T19:23:36-07:00,0,0
style.css,144,css,2a6eaf9e,MaayahGa,2025-10-10,19:23:36,-07:00,2025-10-10T19:23:36-07:00,0,2
style.css,145,css,2a6eaf9e,MaayahGa,2025-10-10,19:23:36,-07:00,2025-10-10T19:23:36-07:00,1,16
style.css,146,css,2a6eaf9e,MaayahGa,2025-10-10,19:23:36,-07:00,2025-10-10T19:23:36-07:00,1,17
style.css,147,css,2a6eaf9e,MaayahGa,2025-10-10,19:23:36,-07:00,2025-10-10T19:23:36-07:00,1,14
style.css,148,css,2a6eaf9e,MaayahGa,2025-10-10,19:23:36,-07:00,2025-10-10T19:23:36-07:00,1,17
style.css,149,css,2a6eaf9e,MaayahGa,2025-10-10,19:23:36,-07:00,2025-10-10T19:23:36-07:00,1,23
style.css,150,css,2a6eaf9e,MaayahGa,2025-10-10,19:23:36,-07:00,2025-10-10T19:23:36-07:00,1,17
style.css,151,css,2a6eaf9e,MaayahGa,2025-10-10,19:23:36,-07:00,2025-10-10T19:23:36-07:00,0,0
style.css,152,css,2a6eaf9e,MaayahGa,2025-10-10,19:23:36,-07:00,2025-10-10T19:23:36-07:00,0,0
style.css,153,css,2a6eaf9e,MaayahGa,2025-10-10,19:23:36,-07:00,2025-10-10T19:23:36-07:00,0,6
style.css,154,css,2a6eaf9e,MaayahGa,2025-10-10,19:23:36,-07:00,2025-10-10T19:23:36-07:00,1,15
style.css,155,css,2a6eaf9e,MaayahGa,2025-10-10,19:23:36,-07:00,2025-10-10T19:23:36-07:00,1,17
style.css,156,css,2a6eaf9e,MaayahGa,2025-10-10,19:23:36,-07:00,2025-10-10T19:23:36-07:00,0,0
style.css,157,css,2a6eaf9e,MaayahGa,2025-10-10,19:23:36,-07:00,2025-10-10T19:23:36-07:00,0,0
style.css,158,css,2a6eaf9e,MaayahGa,2025-10-10,19:23:36,-07:00,2025-10-10T19:23:36-07:00,0,2
style.css,159,css,2a6eaf9e,MaayahGa,2025-10-10,19:23:36,-07:00,2025-10-10T19:23:36-07:00,1,25
style.css,160,css,2a6eaf9e,MaayahGa,2025-10-10,19:23:36,-07:00,2025-10-10T19:23:36-07:00,1,43
style.css,161,css,2a6eaf9e,MaayahGa,2025-10-10,19:23:36,-07:00,2025-10-10T19:23:36-07:00,1,21
style.css,162,css,2a6eaf9e,MaayahGa,2025-10-10,19:23:36,-07:00,2025-10-10T19:23:36-07:00,1,14
style.css,163,css,2a6eaf9e,MaayahGa,2025-10-10,19:23:36,-07:00,2025-10-10T19:23:36-07:00,0,0
style.css,164,css,2a6eaf9e,MaayahGa,2025-10-10,19:23:36,-07:00,2025-10-10T19:23:36-07:00,0,0
style.css,165,css,2a6eaf9e,MaayahGa,2025-10-10,19:23:36,-07:00,2025-10-10T19:23:36-07:00,0,2
style.css,166,css,2a6eaf9e,MaayahGa,2025-10-10,19:23:36,-07:00,2025-10-10T19:23:36-07:00,1,20
style.css,167,css,2a6eaf9e,MaayahGa,2025-10-10,19:23:36,-07:00,2025-10-10T19:23:36-07:00,0,0
style.css,168,css,2a6eaf9e,MaayahGa,2025-10-10,19:23:36,-07:00,2025-10-10T19:23:36-07:00,0,0
style.css,169,css,2a6eaf9e,MaayahGa,2025-10-10,19:23:36,-07:00,2025-10-10T19:23:36-07:00,0,7
style.css,170,css,2a6eaf9e,MaayahGa,2025-10-10,19:23:36,-07:00,2025-10-10T19:23:36-07:00,1,17
style.css,171,css,2a6eaf9e,MaayahGa,2025-10-10,19:23:36,-07:00,2025-10-10T19:23:36-07:00,1,18
style.css,172,css,2a6eaf9e,MaayahGa,2025-10-10,19:23:36,-07:00,2025-10-10T19:23:36-07:00,1,41
style.css,173,css,2a6eaf9e,MaayahGa,2025-10-10,19:23:36,-07:00,2025-10-10T19:23:36-07:00,0,0
style.css,174,css,2a6eaf9e,MaayahGa,2025-10-10,19:23:36,-07:00,2025-10-10T19:23:36-07:00,0,0
style.css,175,css,2a6eaf9e,MaayahGa,2025-10-10,19:23:36,-07:00,2025-10-10T19:23:36-07:00,0,7
style.css,176,css,2a6eaf9e,MaayahGa,2025-10-10,19:23:36,-07:00,2025-10-10T19:23:36-07:00,1,14
style.css,177,css,2a6eaf9e,MaayahGa,2025-10-10,19:23:36,-07:00,2025-10-10T19:23:36-07:00,1,16
style.css,178,css,2a6eaf9e,MaayahGa,2025-10-10,19:23:36,-07:00,2025-10-10T19:23:36-07:00,1,39
style.css,179,css,2a6eaf9e,MaayahGa,2025-10-10,19:23:36,-07:00,2025-10-10T19:23:36-07:00,0,0
style.css,180,css,2a6eaf9e,MaayahGa,2025-10-10,19:23:36,-07:00,2025-10-10T19:23:36-07:00,0,0
style.css,181,css,2a6eaf9e,MaayahGa,2025-10-10,19:23:36,-07:00,2025-10-10T19:23:36-07:00,0,4
style.css,182,css,2a6eaf9e,MaayahGa,2025-10-10,19:23:36,-07:00,2025-10-10T19:23:36-07:00,1,15
style.css,183,css,2a6eaf9e,MaayahGa,2025-10-10,19:23:36,-07:00,2025-10-10T19:23:36-07:00,1,23
style.css,184,css,2a6eaf9e,MaayahGa,2025-10-10,19:23:36,-07:00,2025-10-10T19:23:36-07:00,0,0
style.css,185,css,2a6eaf9e,MaayahGa,2025-10-10,19:23:36,-07:00,2025-10-10T19:23:36-07:00,0,0
style.css,186,css,2a6eaf9e,MaayahGa,2025-10-10,19:23:36,-07:00,2025-10-10T19:23:36-07:00,0,2
style.css,187,css,2a6eaf9e,MaayahGa,2025-10-10,19:23:36,-07:00,2025-10-10T19:23:36-07:00,1,15
style.css,188,css,2a6eaf9e,MaayahGa,2025-10-10,19:23:36,-07:00,2025-10-10T19:23:36-07:00,1,14
style.css,189,css,2a6eaf9e,MaayahGa,2025-10-10,19:23:36,-07:00,2025-10-10T19:23:36-07:00,1,12
style.css,190,css,2a6eaf9e,MaayahGa,2025-10-10,19:23:36,-07:00,2025-10-10T19:23:36-07:00,1,9
style.css,191,css,2a6eaf9e,MaayahGa,2025-10-10,19:23:36,-07:00,2025-10-10T19:23:36-07:00,0,0
style.css,192,css,2a6eaf9e,MaayahGa,2025-10-10,19:23:36,-07:00,2025-10-10T19:23:36-07:00,0,0
style.css,193,css,2a6eaf9e,MaayahGa,2025-10-10,19:23:36,-07:00,2025-10-10T19:23:36-07:00,0,5
style.css,194,css,2a6eaf9e,MaayahGa,2025-10-10,19:23:36,-07:00,2025-10-10T19:23:36-07:00,1,57
style.css,195,css,2a6eaf9e,MaayahGa,2025-10-10,19:23:36,-07:00,2025-10-10T19:23:36-07:00,1,41
style.css,196,css,2a6eaf9e,MaayahGa,2025-10-10,19:23:36,-07:00,2025-10-10T19:23:36-07:00,1,19
style.css,197,css,2a6eaf9e,MaayahGa,2025-10-10,19:23:36,-07:00,2025-10-10T19:23:36-07:00,1,19
style.css,198,css,2a6eaf9e,MaayahGa,2025-10-10,19:23:36,-07:00,2025-10-10T19:23:36-07:00,0,0
style.css,199,css,2a6eaf9e,MaayahGa,2025-10-10,19:23:36,-07:00,2025-10-10T19:23:36-07:00,0,0
style.css,200,css,2a6eaf9e,MaayahGa,2025-10-10,19:23:36,-07:00,2025-10-10T19:23:36-07:00,0,25
style.css,201,css,2a6eaf9e,MaayahGa,2025-10-10,19:23:36,-07:00,2025-10-10T19:23:36-07:00,1,2
style.css,202,css,2a6eaf9e,MaayahGa,2025-10-10,19:23:36,-07:00,2025-10-10T19:23:36-07:00,2,14
style.css,203,css,2a6eaf9e,MaayahGa,2025-10-10,19:23:36,-07:00,2025-10-10T19:23:36-07:00,1,0
style.css,204,css,2a6eaf9e,MaayahGa,2025-10-10,19:23:36,-07:00,2025-10-10T19:23:36-07:00,0,0
style.css,205,css,2a6eaf9e,MaayahGa,2025-10-10,19:23:36,-07:00,2025-10-10T19:23:36-07:00,1,7
style.css,206,css,2a6eaf9e,MaayahGa,2025-10-10,19:23:36,-07:00,2025-10-10T19:23:36-07:00,2,18
style.css,207,css,2a6eaf9e,MaayahGa,2025-10-10,19:23:36,-07:00,2025-10-10T19:23:36-07:00,1,0
style.css,208,css,7e55da59,MaayahGa,2025-10-10,19:31:07,-07:00,2025-10-10T19:31:07-07:00,0,0
style.css,209,css,7e55da59,MaayahGa,2025-10-10,19:31:07,-07:00,2025-10-10T19:31:07-07:00,0,0
style.css,210,css,7e55da59,MaayahGa,2025-10-10,19:31:07,-07:00,2025-10-10T19:31:07-07:00,0,17
style.css,211,css,7e55da59,MaayahGa,2025-10-10,19:31:07,-07:00,2025-10-10T19:31:07-07:00,0,0
style.css,212,css,7e55da59,MaayahGa,2025-10-10,19:31:07,-07:00,2025-10-10T19:31:07-07:00,0,9
style.css,213,css,7e55da59,MaayahGa,2025-10-10,19:31:07,-07:00,2025-10-10T19:31:07-07:00,1,12
style.css,214,css,7e55da59,MaayahGa,2025-10-10,19:31:07,-07:00,2025-10-10T19:31:07-07:00,1,58
style.css,215,css,7e55da59,MaayahGa,2025-10-10,19:31:07,-07:00,2025-10-10T19:31:07-07:00,1,9
style.css,216,css,7e55da59,MaayahGa,2025-10-10,19:31:07,-07:00,2025-10-10T19:31:07-07:00,1,14
style.css,217,css,7e55da59,MaayahGa,2025-10-10,19:31:07,-07:00,2025-10-10T19:31:07-07:00,1,17
style.css,218,css,7e55da59,MaayahGa,2025-10-10,19:31:07,-07:00,2025-10-10T19:31:07-07:00,0,0
style.css,219,css,7e55da59,MaayahGa,2025-10-10,19:31:07,-07:00,2025-10-10T19:31:07-07:00,0,0
style.css,220,css,7e55da59,MaayahGa,2025-10-10,19:31:07,-07:00,2025-10-10T19:31:07-07:00,0,17
style.css,221,css,7e55da59,MaayahGa,2025-10-10,19:31:07,-07:00,2025-10-10T19:31:07-07:00,1,12
style.css,222,css,7e55da59,MaayahGa,2025-10-10,19:31:07,-07:00,2025-10-10T19:31:07-07:00,1,26
style.css,223,css,4f556bc0,MaayahGa,2025-10-24,20:28:06,-07:00,2025-10-24T20:28:06-07:00,1,15
style.css,224,css,7e55da59,MaayahGa,2025-10-10,19:31:07,-07:00,2025-10-10T19:31:07-07:00,1,57
style.css,225,css,7e55da59,MaayahGa,2025-10-10,19:31:07,-07:00,2025-10-10T19:31:07-07:00,1,34
style.css,226,css,7e55da59,MaayahGa,2025-10-10,19:31:07,-07:00,2025-10-10T19:31:07-07:00,1,20
style.css,227,css,7e55da59,MaayahGa,2025-10-10,19:31:07,-07:00,2025-10-10T19:31:07-07:00,1,11
style.css,228,css,7e55da59,MaayahGa,2025-10-10,19:31:07,-07:00,2025-10-10T19:31:07-07:00,1,44
style.css,229,css,7e55da59,MaayahGa,2025-10-10,19:31:07,-07:00,2025-10-10T19:31:07-07:00,1,42
style.css,230,css,7e55da59,MaayahGa,2025-10-10,19:31:07,-07:00,2025-10-10T19:31:07-07:00,0,0
style.css,231,css,7e55da59,MaayahGa,2025-10-10,19:31:07,-07:00,2025-10-10T19:31:07-07:00,0,0
style.css,232,css,7e55da59,MaayahGa,2025-10-10,19:31:07,-07:00,2025-10-10T19:31:07-07:00,0,23
style.css,233,css,7e55da59,MaayahGa,2025-10-10,19:31:07,-07:00,2025-10-10T19:31:07-07:00,1,26
style.css,234,css,7e55da59,MaayahGa,2025-10-10,19:31:07,-07:00,2025-10-10T19:31:07-07:00,1,45
style.css,235,css,7e55da59,MaayahGa,2025-10-10,19:31:07,-07:00,2025-10-10T19:31:07-07:00,0,0
style.css,236,css,7e55da59,MaayahGa,2025-10-10,19:31:07,-07:00,2025-10-10T19:31:07-07:00,0,0
style.css,237,css,7e55da59,MaayahGa,2025-10-10,19:31:07,-07:00,2025-10-10T19:31:07-07:00,0,12
style.css,238,css,7e55da59,MaayahGa,2025-10-10,19:31:07,-07:00,2025-10-10T19:31:07-07:00,1,18
style.css,239,css,7e55da59,MaayahGa,2025-10-10,19:31:07,-07:00,2025-10-10T19:31:07-07:00,1,16
style.css,240,css,7e55da59,MaayahGa,2025-10-10,19:31:07,-07:00,2025-10-10T19:31:07-07:00,1,25
style.css,241,css,7e55da59,MaayahGa,2025-10-10,19:31:07,-07:00,2025-10-10T19:31:07-07:00,1,17
style.css,242,css,7e55da59,MaayahGa,2025-10-10,19:31:07,-07:00,2025-10-10T19:31:07-07:00,0,0
style.css,243,css,7e55da59,MaayahGa,2025-10-10,19:31:07,-07:00,2025-10-10T19:31:07-07:00,0,0
style.css,244,css,4f556bc0,MaayahGa,2025-10-24,20:28:06,-07:00,2025-10-24T20:28:06-07:00,0,15
style.css,245,css,4f556bc0,MaayahGa,2025-10-24,20:28:06,-07:00,2025-10-24T20:28:06-07:00,1,16
style.css,246,css,4f556bc0,MaayahGa,2025-10-24,20:28:06,-07:00,2025-10-24T20:28:06-07:00,1,23
style.css,247,css,4f556bc0,MaayahGa,2025-10-24,20:28:06,-07:00,2025-10-24T20:28:06-07:00,1,8
style.css,248,css,4f556bc0,MaayahGa,2025-10-24,20:28:06,-07:00,2025-10-24T20:28:06-07:00,1,17
style.css,249,css,4f556bc0,MaayahGa,2025-10-24,20:28:06,-07:00,2025-10-24T20:28:06-07:00,0,0
style.css,250,css,4f556bc0,MaayahGa,2025-10-24,20:28:06,-07:00,2025-10-24T20:28:06-07:00,0,0
style.css,251,css,7e55da59,MaayahGa,2025-10-10,19:31:07,-07:00,2025-10-10T19:31:07-07:00,0,13
style.css,252,css,7e55da59,MaayahGa,2025-10-10,19:31:07,-07:00,2025-10-10T19:31:07-07:00,1,10
style.css,253,css,7e55da59,MaayahGa,2025-10-10,19:31:07,-07:00,2025-10-10T19:31:07-07:00,1,11
style.css,254,css,7e55da59,MaayahGa,2025-10-10,19:31:07,-07:00,2025-10-10T19:31:07-07:00,1,19
style.css,255,css,4f556bc0,MaayahGa,2025-10-24,20:28:06,-07:00,2025-10-24T20:28:06-07:00,1,8
style.css,256,css,7e55da59,MaayahGa,2025-10-10,19:31:07,-07:00,2025-10-10T19:31:07-07:00,0,0
style.css,257,css,7e55da59,MaayahGa,2025-10-10,19:31:07,-07:00,2025-10-10T19:31:07-07:00,0,0
style.css,258,css,7e55da59,MaayahGa,2025-10-10,19:31:07,-07:00,2025-10-10T19:31:07-07:00,0,11
style.css,259,css,7e55da59,MaayahGa,2025-10-10,19:31:07,-07:00,2025-10-10T19:31:07-07:00,1,17
style.css,260,css,7e55da59,MaayahGa,2025-10-10,19:31:07,-07:00,2025-10-10T19:31:07-07:00,1,23
style.css,261,css,7e55da59,MaayahGa,2025-10-10,19:31:07,-07:00,2025-10-10T19:31:07-07:00,1,15
style.css,262,css,7e55da59,MaayahGa,2025-10-10,19:31:07,-07:00,2025-10-10T19:31:07-07:00,1,17
style.css,263,css,4f556bc0,MaayahGa,2025-10-24,20:28:06,-07:00,2025-10-24T20:28:06-07:00,1,8
style.css,264,css,7e55da59,MaayahGa,2025-10-10,19:31:07,-07:00,2025-10-10T19:31:07-07:00,0,0
style.css,265,css,7e55da59,MaayahGa,2025-10-10,19:31:07,-07:00,2025-10-10T19:31:07-07:00,0,0
style.css,266,css,7e55da59,MaayahGa,2025-10-10,19:31:07,-07:00,2025-10-10T19:31:07-07:00,0,2
style.css,267,css,7e55da59,MaayahGa,2025-10-10,19:31:07,-07:00,2025-10-10T19:31:07-07:00,1,16
style.css,268,css,7e55da59,MaayahGa,2025-10-10,19:31:07,-07:00,2025-10-10T19:31:07-07:00,1,17
style.css,269,css,7e55da59,MaayahGa,2025-10-10,19:31:07,-07:00,2025-10-10T19:31:07-07:00,1,14
style.css,270,css,7e55da59,MaayahGa,2025-10-10,19:31:07,-07:00,2025-10-10T19:31:07-07:00,1,23
style.css,271,css,ba5c36c4,MaayahGa,2025-10-16,15:50:05,-07:00,2025-10-16T15:50:05-07:00,0,0
style.css,272,css,ba5c36c4,MaayahGa,2025-10-16,15:50:05,-07:00,2025-10-16T15:50:05-07:00,0,0
style.css,273,css,ba5c36c4,MaayahGa,2025-10-16,15:50:05,-07:00,2025-10-16T15:50:05-07:00,0,13
style.css,274,css,ba5c36c4,MaayahGa,2025-10-16,15:50:05,-07:00,2025-10-16T15:50:05-07:00,0,4
style.css,275,css,ba5c36c4,MaayahGa,2025-10-16,15:50:05,-07:00,2025-10-16T15:50:05-07:00,1,23
style.css,276,css,ba5c36c4,MaayahGa,2025-10-16,15:50:05,-07:00,2025-10-16T15:50:05-07:00,0,0
style.css,277,css,ba5c36c4,MaayahGa,2025-10-16,15:50:05,-07:00,2025-10-16T15:50:05-07:00,0,0
style.css,278,css,ba5c36c4,MaayahGa,2025-10-16,15:50:05,-07:00,2025-10-16T15:50:05-07:00,0,3
style.css,279,css,ba5c36c4,MaayahGa,2025-10-16,15:50:05,-07:00,2025-10-16T15:50:05-07:00,1,39
style.css,280,css,ba5c36c4,MaayahGa,2025-10-16,15:50:05,-07:00,2025-10-16T15:50:05-07:00,1,39
style.css,281,css,ba5c36c4,MaayahGa,2025-10-16,15:50:05,-07:00,2025-10-16T15:50:05-07:00,0,0
style.css,282,css,ba5c36c4,MaayahGa,2025-10-16,15:50:05,-07:00,2025-10-16T15:50:05-07:00,0,0
style.css,283,css,ba5c36c4,MaayahGa,2025-10-16,15:50:05,-07:00,2025-10-16T15:50:05-07:00,0,7
style.css,284,css,ba5c36c4,MaayahGa,2025-10-16,15:50:05,-07:00,2025-10-16T15:50:05-07:00,1,69
style.css,285,css,ba5c36c4,MaayahGa,2025-10-16,15:50:05,-07:00,2025-10-16T15:50:05-07:00,0,0
style.css,286,css,ba5c36c4,MaayahGa,2025-10-16,15:50:05,-07:00,2025-10-16T15:50:05-07:00,0,0
style.css,287,css,ba5c36c4,MaayahGa,2025-10-16,15:50:05,-07:00,2025-10-16T15:50:05-07:00,0,13
style.css,288,css,ba5c36c4,MaayahGa,2025-10-16,15:50:05,-07:00,2025-10-16T15:50:05-07:00,1,17
style.css,289,css,ba5c36c4,MaayahGa,2025-10-16,15:50:05,-07:00,2025-10-16T15:50:05-07:00,1,8
style.css,290,css,ba5c36c4,MaayahGa,2025-10-16,15:50:05,-07:00,2025-10-16T15:50:05-07:00,1,10
style.css,291,css,ba5c36c4,MaayahGa,2025-10-16,15:50:05,-07:00,2025-10-16T15:50:05-07:00,1,15
style.css,292,css,ba5c36c4,MaayahGa,2025-10-16,15:50:05,-07:00,2025-10-16T15:50:05-07:00,1,19
style.css,293,css,0e99fa62,MaayahGa,2025-10-23,21:50:38,-07:00,2025-10-23T21:50:38-07:00,0,0
style.css,294,css,0e99fa62,MaayahGa,2025-10-23,21:50:38,-07:00,2025-10-23T21:50:38-07:00,0,0
style.css,295,css,0e99fa62,MaayahGa,2025-10-23,21:50:38,-07:00,2025-10-23T21:50:38-07:00,0,40
style.css,296,css,0e99fa62,MaayahGa,2025-10-23,21:50:38,-07:00,2025-10-23T21:50:38-07:00,0,0
style.css,297,css,0e99fa62,MaayahGa,2025-10-23,21:50:38,-07:00,2025-10-23T21:50:38-07:00,0,17
style.css,298,css,0e99fa62,MaayahGa,2025-10-23,21:50:38,-07:00,2025-10-23T21:50:38-07:00,1,12
style.css,299,css,0e99fa62,MaayahGa,2025-10-23,21:50:38,-07:00,2025-10-23T21:50:38-07:00,1,36
style.css,300,css,0e99fa62,MaayahGa,2025-10-23,21:50:38,-07:00,2025-10-23T21:50:38-07:00,1,28
style.css,301,css,0e99fa62,MaayahGa,2025-10-23,21:50:38,-07:00,2025-10-23T21:50:38-07:00,1,8
style.css,302,css,0e99fa62,MaayahGa,2025-10-23,21:50:38,-07:00,2025-10-23T21:50:38-07:00,1,17
style.css,303,css,0e99fa62,MaayahGa,2025-10-23,21:50:38,-07:00,2025-10-23T21:50:38-07:00,0,0
style.css,304,css,0e99fa62,MaayahGa,2025-10-23,21:50:38,-07:00,2025-10-23T21:50:38-07:00,0,0
style.css,305,css,0e99fa62,MaayahGa,2025-10-23,21:50:38,-07:00,2025-10-23T21:50:38-07:00,0,17
style.css,306,css,0e99fa62,MaayahGa,2025-10-23,21:50:38,-07:00,2025-10-23T21:50:38-07:00,1,10
style.css,307,css,0e99fa62,MaayahGa,2025-10-23,21:50:38,-07:00,2025-10-23T21:50:38-07:00,1,16
style.css,308,css,0e99fa62,MaayahGa,2025-10-23,21:50:38,-07:00,2025-10-23T21:50:38-07:00,0,0
style.css,309,css,0e99fa62,MaayahGa,2025-10-23,21:50:38,-07:00,2025-10-23T21:50:38-07:00,0,0
style.css,310,css,0e99fa62,MaayahGa,2025-10-23,21:50:38,-07:00,2025-10-23T21:50:38-07:00,0,17
style.css,311,css,0e99fa62,MaayahGa,2025-10-23,21:50:38,-07:00,2025-10-23T21:50:38-07:00,1,10
style.css,312,css,0e99fa62,MaayahGa,2025-10-23,21:50:38,-07:00,2025-10-23T21:50:38-07:00,1,8
style.css,313,css,0e99fa62,MaayahGa,2025-10-23,21:50:38,-07:00,2025-10-23T21:50:38-07:00,1,16
style.css,314,css,79178cf8,MaayahGa,2025-10-30,12:28:28,-07:00,2025-10-30T12:28:28-07:00,0,0
style.css,315,css,79178cf8,MaayahGa,2025-10-30,12:28:28,-07:00,2025-10-30T12:28:28-07:00,0,0
style.css,316,css,79178cf8,MaayahGa,2025-10-30,12:28:28,-07:00,2025-10-30T12:28:28-07:00,0,16
style.css,317,css,79178cf8,MaayahGa,2025-10-30,12:28:28,-07:00,2025-10-30T12:28:28-07:00,0,18
style.css,318,css,79178cf8,MaayahGa,2025-10-30,12:28:28,-07:00,2025-10-30T12:28:28-07:00,1,14
style.css,319,css,79178cf8,MaayahGa,2025-10-30,12:28:28,-07:00,2025-10-30T12:28:28-07:00,1,16
style.css,320,css,79178cf8,MaayahGa,2025-10-30,12:28:28,-07:00,2025-10-30T12:28:28-07:00,1,16
style.css,321,css,79178cf8,MaayahGa,2025-10-30,12:28:28,-07:00,2025-10-30T12:28:28-07:00,1,13
style.css,322,css,79178cf8,MaayahGa,2025-10-30,12:28:28,-07:00,2025-10-30T12:28:28-07:00,1,18
style.css,323,css,c8a29e4c,MaayahGa,2025-10-30,12:33:10,-07:00,2025-10-30T12:33:10-07:00,0,0
style.css,324,css,c8a29e4c,MaayahGa,2025-10-30,12:33:10,-07:00,2025-10-30T12:33:10-07:00,0,0
style.css,325,css,c8a29e4c,MaayahGa,2025-10-30,12:33:10,-07:00,2025-10-30T12:33:10-07:00,0,32
style.css,326,css,c8a29e4c,MaayahGa,2025-10-30,12:33:10,-07:00,2025-10-30T12:33:10-07:00,0,14
style.css,327,css,c8a29e4c,MaayahGa,2025-10-30,12:33:10,-07:00,2025-10-30T12:33:10-07:00,1,12
style.css,328,css,c8a29e4c,MaayahGa,2025-10-30,12:33:10,-07:00,2025-10-30T12:33:10-07:00,1,18
style.css,329,css,c8a29e4c,MaayahGa,2025-10-30,12:33:10,-07:00,2025-10-30T12:33:10-07:00,1,7
style.css,330,css,c8a29e4c,MaayahGa,2025-10-30,12:33:10,-07:00,2025-10-30T12:33:10-07:00,1,16
style.css,331,css,c8a29e4c,MaayahGa,2025-10-30,12:33:10,-07:00,2025-10-30T12:33:10-07:00,1,13
style.css,332,css,c8a29e4c,MaayahGa,2025-10-30,12:33:10,-07:00,2025-10-30T12:33:10-07:00,1,34
style.css,333,css,c8a29e4c,MaayahGa,2025-10-30,12:33:10,-07:00,2025-10-30T12:33:10-07:00,1,20
style.css,334,css,c8a29e4c,MaayahGa,2025-10-30,12:33:10,-07:00,2025-10-30T12:33:10-07:00,1,57
style.css,335,css,c8a29e4c,MaayahGa,2025-10-30,12:33:10,-07:00,2025-10-30T12:33:10-07:00,0,0
style.css,336,css,c8a29e4c,MaayahGa,2025-10-30,12:33:10,-07:00,2025-10-30T12:33:10-07:00,0,0
style.css,337,css,c8a29e4c,MaayahGa,2025-10-30,12:33:10,-07:00,2025-10-30T12:33:10-07:00,0,11
style.css,338,css,c8a29e4c,MaayahGa,2025-10-30,12:33:10,-07:00,2025-10-30T12:33:10-07:00,0,7
style.css,339,css,c8a29e4c,MaayahGa,2025-10-30,12:33:10,-07:00,2025-10-30T12:33:10-07:00,1,6
style.css,340,css,c8a29e4c,MaayahGa,2025-10-30,12:33:10,-07:00,2025-10-30T12:33:10-07:00,1,12
style.css,341,css,c8a29e4c,MaayahGa,2025-10-30,12:33:10,-07:00,2025-10-30T12:33:10-07:00,1,57
style.css,342,css,c8a29e4c,MaayahGa,2025-10-30,12:33:10,-07:00,2025-10-30T12:33:10-07:00,1,7
style.css,343,css,c8a29e4c,MaayahGa,2025-10-30,12:33:10,-07:00,2025-10-30T12:33:10-07:00,1,15
style.css,344,css,c8a29e4c,MaayahGa,2025-10-30,12:33:10,-07:00,2025-10-30T12:33:10-07:00,1,9
style.css,345,css,c8a29e4c,MaayahGa,2025-10-30,12:33:10,-07:00,2025-10-30T12:33:10-07:00,1,8
style.css,346,css,c8a29e4c,MaayahGa,2025-10-30,12:33:10,-07:00,2025-10-30T12:33:10-07:00,0,0
style.css,347,css,c8a29e4c,MaayahGa,2025-10-30,12:33:10,-07:00,2025-10-30T12:33:10-07:00,0,0
style.css,348,css,c8a29e4c,MaayahGa,2025-10-30,12:33:10,-07:00,2025-10-30T12:33:10-07:00,0,12
style.css,349,css,c8a29e4c,MaayahGa,2025-10-30,12:33:10,-07:00,2025-10-30T12:33:10-07:00,1,12
style.css,350,css,c8a29e4c,MaayahGa,2025-10-30,12:33:10,-07:00,2025-10-30T12:33:10-07:00,1,18
style.css,351,css,c8a29e4c,MaayahGa,2025-10-30,12:33:10,-07:00,2025-10-30T12:33:10-07:00,1,9
style.css,352,css,c8a29e4c,MaayahGa,2025-10-30,12:33:10,-07:00,2025-10-30T12:33:10-07:00,0,0
style.css,353,css,c8a29e4c,MaayahGa,2025-10-30,12:33:10,-07:00,2025-10-30T12:33:10-07:00,0,0
style.css,354,css,c8a29e4c,MaayahGa,2025-10-30,12:33:10,-07:00,2025-10-30T12:33:10-07:00,0,7
style.css,355,css,c8a29e4c,MaayahGa,2025-10-30,12:33:10,-07:00,2025-10-30T12:33:10-07:00,1,9
style.css,356,css,c8a29e4c,MaayahGa,2025-10-30,12:33:10,-07:00,2025-10-30T12:33:10-07:00,1,10
style.css,357,css,c8a29e4c,MaayahGa,2025-10-30,12:33:10,-07:00,2025-10-30T12:33:10-07:00,1,29
style.css,358,css,c8a29e4c,MaayahGa,2025-10-30,12:33:10,-07:00,2025-10-30T12:33:10-07:00,1,20
style.css,359,css,c8a29e4c,MaayahGa,2025-10-30,12:33:10,-07:00,2025-10-30T12:33:10-07:00,1,20
style.css,360,css,c8a29e4c,MaayahGa,2025-10-30,12:33:10,-07:00,2025-10-30T12:33:10-07:00,0,0
style.css,361,css,c8a29e4c,MaayahGa,2025-10-30,12:33:10,-07:00,2025-10-30T12:33:10-07:00,0,0
style.css,362,css,c8a29e4c,MaayahGa,2025-10-30,12:33:10,-07:00,2025-10-30T12:33:10-07:00,0,10
style.css,363,css,c8a29e4c,MaayahGa,2025-10-30,12:33:10,-07:00,2025-10-30T12:33:10-07:00,1,23
style.css,364,css,c8a29e4c,MaayahGa,2025-10-30,12:33:10,-07:00,2025-10-30T12:33:10-07:00,1,17
style.css,365,css,c8a29e4c,MaayahGa,2025-10-30,12:33:10,-07:00,2025-10-30T12:33:10-07:00,1,15
style.css,366,css,dc8551c2,MaayahGa,2025-10-30,12:40:42,-07:00,2025-10-30T12:40:42-07:00,0,0
style.css,367,css,dc8551c2,MaayahGa,2025-10-30,12:40:42,-07:00,2025-10-30T12:40:42-07:00,0,0
style.css,368,css,dc8551c2,MaayahGa,2025-10-30,12:40:42,-07:00,2025-10-30T12:40:42-07:00,0,14
style.css,369,css,dc8551c2,MaayahGa,2025-10-30,12:40:42,-07:00,2025-10-30T12:40:42-07:00,0,10
style.css,370,css,dc8551c2,MaayahGa,2025-10-30,12:40:42,-07:00,2025-10-30T12:40:42-07:00,1,10
style.css,371,css,dc8551c2,MaayahGa,2025-10-30,12:40:42,-07:00,2025-10-30T12:40:42-07:00,1,14
style.css,372,css,dc8551c2,MaayahGa,2025-10-30,12:40:42,-07:00,2025-10-30T12:40:42-07:00,1,17
style.css,373,css,dc8551c2,MaayahGa,2025-10-30,12:40:42,-07:00,2025-10-30T12:40:42-07:00,1,13
style.css,374,css,dc8551c2,MaayahGa,2025-10-30,12:40:42,-07:00,2025-10-30T12:40:42-07:00,1,18
style.css,375,css,dc8551c2,MaayahGa,2025-10-30,12:40:42,-07:00,2025-10-30T12:40:42-07:00,1,14
style.css,376,css,dc8551c2,MaayahGa,2025-10-30,12:40:42,-07:00,2025-10-30T12:40:42-07:00,1,34
style.css,377,css,dc8551c2,MaayahGa,2025-10-30,12:40:42,-07:00,2025-10-30T12:40:42-07:00,1,19
style.css,378,css,dc8551c2,MaayahGa,2025-10-30,12:40:42,-07:00,2025-10-30T12:40:42-07:00,1,22
style.css,379,css,dc8551c2,MaayahGa,2025-10-30,12:40:42,-07:00,2025-10-30T12:40:42-07:00,1,28
style.css,380,css,dc8551c2,MaayahGa,2025-10-30,12:40:42,-07:00,2025-10-30T12:40:42-07:00,0,0
style.css,381,css,dc8551c2,MaayahGa,2025-10-30,12:40:42,-07:00,2025-10-30T12:40:42-07:00,0,0
style.css,382,css,dc8551c2,MaayahGa,2025-10-30,12:40:42,-07:00,2025-10-30T12:40:42-07:00,0,16
style.css,383,css,dc8551c2,MaayahGa,2025-10-30,12:40:42,-07:00,2025-10-30T12:40:42-07:00,1,12
style.css,384,css,dc8551c2,MaayahGa,2025-10-30,12:40:42,-07:00,2025-10-30T12:40:42-07:00,1,32
style.css,385,css,dc8551c2,MaayahGa,2025-10-30,12:40:42,-07:00,2025-10-30T12:40:42-07:00,1,62
style.css,386,css,dc8551c2,MaayahGa,2025-10-30,12:40:42,-07:00,2025-10-30T12:40:42-07:00,0,0
style.css,387,css,dc8551c2,MaayahGa,2025-10-30,12:40:42,-07:00,2025-10-30T12:40:42-07:00,0,0
style.css,388,css,dc8551c2,MaayahGa,2025-10-30,12:40:42,-07:00,2025-10-30T12:40:42-07:00,0,23
style.css,389,css,dc8551c2,MaayahGa,2025-10-30,12:40:42,-07:00,2025-10-30T12:40:42-07:00,1,23
style.css,390,css,2ce8d2f1,MaayahGa,2025-10-30,12:44:20,-07:00,2025-10-30T12:44:20-07:00,0,0
style.css,391,css,2ce8d2f1,MaayahGa,2025-10-30,12:44:20,-07:00,2025-10-30T12:44:20-07:00,0,0
style.css,392,css,da09037f,MaayahGa,2025-10-30,12:51:30,-07:00,2025-10-30T12:51:30-07:00,0,24
style.css,393,css,da09037f,MaayahGa,2025-10-30,12:51:30,-07:00,2025-10-30T12:51:30-07:00,0,35
style.css,394,css,da09037f,MaayahGa,2025-10-30,12:51:30,-07:00,2025-10-30T12:51:30-07:00,1,10
style.css,395,css,da09037f,MaayahGa,2025-10-30,12:51:30,-07:00,2025-10-30T12:51:30-07:00,2,34
style.css,396,css,da09037f,MaayahGa,2025-10-30,12:51:30,-07:00,2025-10-30T12:51:30-07:00,2,23
style.css,397,css,da09037f,MaayahGa,2025-10-30,12:51:30,-07:00,2025-10-30T12:51:30-07:00,2,30
style.css,398,css,da09037f,MaayahGa,2025-10-30,12:51:30,-07:00,2025-10-30T12:51:30-07:00,1,0
style.css,399,css,da09037f,MaayahGa,2025-10-30,12:51:30,-07:00,2025-10-30T12:51:30-07:00,1,0
style.css,400,css,da09037f,MaayahGa,2025-10-30,12:51:30,-07:00,2025-10-30T12:51:30-07:00,1,23
style.css,401,css,da09037f,MaayahGa,2025-10-30,12:51:30,-07:00,2025-10-30T12:51:30-07:00,2,23
style.css,402,css,da09037f,MaayahGa,2025-10-30,12:51:30,-07:00,2025-10-30T12:51:30-07:00,1,0
style.css,403,css,da09037f,MaayahGa,2025-10-30,12:51:30,-07:00,2025-10-30T12:51:30-07:00,1,0
style.css,404,css,da09037f,MaayahGa,2025-10-30,12:51:30,-07:00,2025-10-30T12:51:30-07:00,1,16
style.css,405,css,da09037f,MaayahGa,2025-10-30,12:51:30,-07:00,2025-10-30T12:51:30-07:00,2,34
style.css,406,css,da09037f,MaayahGa,2025-10-30,12:51:30,-07:00,2025-10-30T12:51:30-07:00,2,32
style.css,407,css,da09037f,MaayahGa,2025-10-30,12:51:30,-07:00,2025-10-30T12:51:30-07:00,1,0
style.css,408,css,da09037f,MaayahGa,2025-10-30,12:51:30,-07:00,2025-10-30T12:51:30-07:00,0,0
style.css,409,css,da09037f,MaayahGa,2025-10-30,12:51:30,-07:00,2025-10-30T12:51:30-07:00,0,0
style.css,410,css,2ce8d2f1,MaayahGa,2025-10-30,12:44:20,-07:00,2025-10-30T12:44:20-07:00,0,23
style.css,411,css,2ce8d2f1,MaayahGa,2025-10-30,12:44:20,-07:00,2025-10-30T12:44:20-07:00,1,14
style.css,412,css,2ce8d2f1,MaayahGa,2025-10-30,12:44:20,-07:00,2025-10-30T12:44:20-07:00,1,16
style.css,413,css,2ce8d2f1,MaayahGa,2025-10-30,12:44:20,-07:00,2025-10-30T12:44:20-07:00,0,0
style.css,414,css,2ce8d2f1,MaayahGa,2025-10-30,12:44:20,-07:00,2025-10-30T12:44:20-07:00,0,0
style.css,415,css,2ce8d2f1,MaayahGa,2025-10-30,12:44:20,-07:00,2025-10-30T12:44:20-07:00,0,51
style.css,416,css,2ce8d2f1,MaayahGa,2025-10-30,12:44:20,-07:00,2025-10-30T12:44:20-07:00,1,11
style.css,417,css,2ce8d2f1,MaayahGa,2025-10-30,12:44:20,-07:00,2025-10-30T12:44:20-07:00,0,0
style.css,418,css,2ce8d2f1,MaayahGa,2025-10-30,12:44:20,-07:00,2025-10-30T12:44:20-07:00,0,0
style.css,419,css,2ce8d2f1,MaayahGa,2025-10-30,12:44:20,-07:00,2025-10-30T12:44:20-07:00,0,9
style.css,420,css,2ce8d2f1,MaayahGa,2025-10-30,12:44:20,-07:00,2025-10-30T12:44:20-07:00,1,35
style.css,421,css,2ce8d2f1,MaayahGa,2025-10-30,12:44:20,-07:00,2025-10-30T12:44:20-07:00,0,0
style.css,422,css,2ce8d2f1,MaayahGa,2025-10-30,12:44:20,-07:00,2025-10-30T12:44:20-07:00,0,0
style.css,423,css,2ce8d2f1,MaayahGa,2025-10-30,12:44:20,-07:00,2025-10-30T12:44:20-07:00,0,18
style.css,424,css,2ce8d2f1,MaayahGa,2025-10-30,12:44:20,-07:00,2025-10-30T12:44:20-07:00,1,17
style.css,425,css,2ce8d2f1,MaayahGa,2025-10-30,12:44:20,-07:00,2025-10-30T12:44:20-07:00,0,0
style.css,426,css,2ce8d2f1,MaayahGa,2025-10-30,12:44:20,-07:00,2025-10-30T12:44:20-07:00,0,0
style.css,427,css,2ce8d2f1,MaayahGa,2025-10-30,12:44:20,-07:00,2025-10-30T12:44:20-07:00,0,26
style.css,428,css,2ce8d2f1,MaayahGa,2025-10-30,12:44:20,-07:00,2025-10-30T12:44:20-07:00,1,55
style.css,429,css,2ce8d2f1,MaayahGa,2025-10-30,12:44:20,-07:00,2025-10-30T12:44:20-07:00,1,16
style.css,430,css,94428de6,MaayahGa,2025-09-30,12:28:46,-07:00,2025-09-30T12:28:46-07:00,0,0
index.js,1,js,0e99fa62,MaayahGa,2025-10-23,21:50:38,-07:00,2025-10-23T21:50:38-07:00,0,71
index.js,2,js,b0551bc6,MaayahGa,2025-10-23,21:01:00,-07:00,2025-10-23T21:01:00-07:00,0,0
index.js,3,js,277bac02,MaayahGa,2025-10-24,20:42:30,-07:00,2025-10-24T20:42:30-07:00,0,15
index.js,4,js,277bac02,MaayahGa,2025-10-24,20:42:30,-07:00,2025-10-24T20:42:30-07:00,1,68
index.js,5,js,277bac02,MaayahGa,2025-10-24,20:42:30,-07:00,2025-10-24T20:42:30-07:00,2,4
index.js,6,js,277bac02,MaayahGa,2025-10-24,20:42:30,-07:00,2025-10-24T20:42:30-07:00,2,14
index.js,7,js,277bac02,MaayahGa,2025-10-24,20:42:30,-07:00,2025-10-24T20:42:30-07:00,0,0
index.js,8,js,b0551bc6,MaayahGa,2025-10-23,21:01:00,-07:00,2025-10-23T21:01:00-07:00,0,38
index.js,9,js,0e99fa62,MaayahGa,2025-10-23,21:50:38,-07:00,2025-10-23T21:50:38-07:00,1,60
index.js,10,js,277bac02,MaayahGa,2025-10-24,20:42:30,-07:00,2025-10-24T20:42:30-07:00,1,64
index.js,11,js,b0551bc6,MaayahGa,2025-10-23,21:01:00,-07:00,2025-10-23T21:01:00-07:00,1,42
index.js,12,js,b0551bc6,MaayahGa,2025-10-23,21:01:00,-07:00,2025-10-23T21:01:00-07:00,1,54
index.js,13,js,b0551bc6,MaayahGa,2025-10-23,21:01:00,-07:00,2025-10-23T21:01:00-07:00,0,0
index.js,14,js,b0551bc6,MaayahGa,2025-10-23,21:01:00,-07:00,2025-10-23T21:01:00-07:00,0,0
index.js,15,js,b0551bc6,MaayahGa,2025-10-23,21:01:00,-07:00,2025-10-23T21:01:00-07:00,0,22
index.js,16,js,0e99fa62,MaayahGa,2025-10-23,21:50:38,-07:00,2025-10-23T21:50:38-07:00,0,0
index.js,17,js,0e99fa62,MaayahGa,2025-10-23,21:50:38,-07:00,2025-10-23T21:50:38-07:00,0,35
index.js,18,js,4f556bc0,MaayahGa,2025-10-24,20:28:06,-07:00,2025-10-24T20:28:06-07:00,1,51
index.js,19,js,0e99fa62,MaayahGa,2025-10-23,21:50:38,-07:00,2025-10-23T21:50:38-07:00,1,60
index.js,20,js,0e99fa62,MaayahGa,2025-10-23,21:50:38,-07:00,2025-10-23T21:50:38-07:00,1,0
index.js,21,js,0e99fa62,MaayahGa,2025-10-23,21:50:38,-07:00,2025-10-23T21:50:38-07:00,1,17
index.js,22,js,0e99fa62,MaayahGa,2025-10-23,21:50:38,-07:00,2025-10-23T21:50:38-07:00,2,24
index.js,23,js,0e99fa62,MaayahGa,2025-10-23,21:50:38,-07:00,2025-10-23T21:50:38-07:00,3,2
index.js,24,js,0e99fa62,MaayahGa,2025-10-23,21:50:38,-07:00,2025-10-23T21:50:38-07:00,4,55
index.js,25,js,0e99fa62,MaayahGa,2025-10-23,21:50:38,-07:00,2025-10-23T21:50:38-07:00,4,55
index.js,26,js,0e99fa62,MaayahGa,2025-10-23,21:50:38,-07:00,2025-10-23T21:50:38-07:00,4,49
index.js,27,js,0e99fa62,MaayahGa,2025-10-23,21:50:38,-07:00,2025-10-23T21:50:38-07:00,4,49
index.js,28,js,0e99fa62,MaayahGa,2025-10-23,21:50:38,-07:00,2025-10-23T21:50:38-07:00,3,3
index.js,29,js,0e99fa62,MaayahGa,2025-10-23,21:50:38,-07:00,2025-10-23T21:50:38-07:00,2,0
index.js,30,js,0e99fa62,MaayahGa,2025-10-23,21:50:38,-07:00,2025-10-23T21:50:38-07:00,1,0
index.js,31,js,0e99fa62,MaayahGa,2025-10-23,21:50:38,-07:00,2025-10-23T21:50:38-07:00,0,0
index.js,32,js,0e99fa62,MaayahGa,2025-10-23,21:50:38,-07:00,2025-10-23T21:50:38-07:00,0,0
index.js,33,js,0e99fa62,MaayahGa,2025-10-23,21:50:38,-07:00,2025-10-23T21:50:38-07:00,0,19
index.html,1,html,c218802b,MaayahGa,2025-09-30,11:44:24,-07:00,2025-09-30T11:44:24-07:00,0,13
index.html,2,html,c218802b,MaayahGa,2025-09-30,11:44:24,-07:00,2025-09-30T11:44:24-07:00,0,14
index.html,3,html,c218802b,MaayahGa,2025-09-30,11:44:24,-07:00,2025-09-30T11:44:24-07:00,0,4
index.html,4,html,94428de6,MaayahGa,2025-09-30,12:28:46,-07:00,2025-09-30T12:28:46-07:00,2,38
index.html,5,html,c218802b,MaayahGa,2025-09-30,11:44:24,-07:00,2025-09-30T11:44:24-07:00,2,20
index.html,6,html,c218802b,MaayahGa,2025-09-30,11:44:24,-07:00,2025-09-30T11:44:24-07:00,2,68
index.html,7,html,c218802b,MaayahGa,2025-09-30,11:44:24,-07:00,2025-09-30T11:44:24-07:00,2,56
index.html,8,html,c218802b,MaayahGa,2025-09-30,11:44:24,-07:00,2025-09-30T11:44:24-07:00,0,5
index.html,9,html,c218802b,MaayahGa,2025-09-30,11:44:24,-07:00,2025-09-30T11:44:24-07:00,0,4
index.html,10,html,94428de6,MaayahGa,2025-09-30,12:28:46,-07:00,2025-09-30T12:28:46-07:00,0,0
index.html,11,html,c218802b,MaayahGa,2025-09-30,11:44:24,-07:00,2025-09-30T11:44:24-07:00,2,21
index.html,12,html,ee4e849b,MaayahGa,2025-10-16,16:04:12,-07:00,2025-10-16T16:04:12-07:00,2,389
index.html,13,html,ee4e849b,MaayahGa,2025-10-16,16:04:12,-07:00,2025-10-16T16:04:12-07:00,2,77
index.html,14,html,7565be8e,MaayahGa,2025-09-30,13:13:49,-07:00,2025-09-30T13:13:49-07:00,2,52
index.html,15,html,b0551bc6,MaayahGa,2025-10-23,21:01:00,-07:00,2025-10-23T21:01:00-07:00,0,0
index.html,16,html,b0551bc6,MaayahGa,2025-10-23,21:01:00,-07:00,2025-10-23T21:01:00-07:00,2,22
index.html,17,html,b0551bc6,MaayahGa,2025-10-23,21:01:00,-07:00,2025-10-23T21:01:00-07:00,2,20
index.html,18,html,b0551bc6,MaayahGa,2025-10-23,21:01:00,-07:00,2025-10-23T21:01:00-07:00,2,4
index.html,19,html,b0551bc6,MaayahGa,2025-10-23,21:01:00,-07:00,2025-10-23T21:01:00-07:00,0,0
index.html,20,html,0e99fa62,MaayahGa,2025-10-23,21:50:38,-07:00,2025-10-23T21:50:38-07:00,2,19
index.html,21,html,0e99fa62,MaayahGa,2025-10-23,21:50:38,-07:00,2025-10-23T21:50:38-07:00,2,22
index.html,22,html,0e99fa62,MaayahGa,2025-10-23,21:50:38,-07:00,2025-10-23T21:50:38-07:00,2,4
index.html,23,html,0e99fa62,MaayahGa,2025-10-23,21:50:38,-07:00,2025-10-23T21:50:38-07:00,0,0
index.html,24,html,0e99fa62,MaayahGa,2025-10-23,21:50:38,-07:00,2025-10-23T21:50:38-07:00,2,45
index.html,25,html,0e99fa62,MaayahGa,2025-10-23,21:50:38,-07:00,2025-10-23T21:50:38-07:00,2,44
index.html,26,html,0e99fa62,MaayahGa,2025-10-23,21:50:38,-07:00,2025-10-23T21:50:38-07:00,0,0
index.html,27,html,0e99fa62,MaayahGa,2025-10-23,21:50:38,-07:00,2025-10-23T21:50:38-07:00,0,0
index.html,28,html,c218802b,MaayahGa,2025-09-30,11:44:24,-07:00,2025-09-30T11:44:24-07:00,0,5
index.html,29,html,c218802b,MaayahGa,2025-09-30,11:44:24,-07:00,2025-09-30T11:44:24-07:00,0,5
global.js,1,js,4d53208f,MaayahGa,2025-10-16,15:06:10,-07:00,2025-10-16T15:06:10-07:00,0,25
global.js,2,js,4d53208f,MaayahGa,2025-10-16,15:06:10,-07:00,2025-10-16T15:06:10-07:00,0,0
global.js,3,js,ba5c36c4,MaayahGa,2025-10-16,15:50:05,-07:00,2025-10-16T15:50:05-07:00,0,0
global.js,4,js,4d53208f,MaayahGa,2025-10-16,15:06:10,-07:00,2025-10-16T15:06:10-07:00,0,41
global.js,5,js,4d53208f,MaayahGa,2025-10-16,15:06:10,-07:00,2025-10-16T15:06:10-07:00,1,52
global.js,6,js,f417b5c3,MaayahGa,2025-10-16,15:13:38,-07:00,2025-10-16T15:13:38-07:00,0,0
global.js,7,js,f417b5c3,MaayahGa,2025-10-16,15:13:38,-07:00,2025-10-16T15:13:38-07:00,0,0
global.js,8,js,80dff3a0,MaayahGa,2025-10-16,15:41:22,-07:00,2025-10-16T15:41:22-07:00,0,6
global.js,9,js,6340c434,MaayahGa,2025-10-16,15:22:36,-07:00,2025-10-16T15:22:36-07:00,0,11
global.js,10,js,6340c434,MaayahGa,2025-10-16,15:22:36,-07:00,2025-10-16T15:22:36-07:00,1,25
global.js,11,js,6340c434,MaayahGa,2025-10-16,15:22:36,-07:00,2025-10-16T15:22:36-07:00,1,38
global.js,12,js,6340c434,MaayahGa,2025-10-16,15:22:36,-07:00,2025-10-16T15:22:36-07:00,1,36
global.js,13,js,6340c434,MaayahGa,2025-10-16,15:22:36,-07:00,2025-10-16T15:22:36-07:00,1,26
global.js,14,js,6340c434,MaayahGa,2025-10-16,15:22:36,-07:00,2025-10-16T15:22:36-07:00,1,54
global.js,15,js,6340c434,MaayahGa,2025-10-16,15:22:36,-07:00,2025-10-16T15:22:36-07:00,1,54
global.js,16,js,6340c434,MaayahGa,2025-10-16,15:22:36,-07:00,2025-10-16T15:22:36-07:00,0,0
global.js,17,js,6340c434,MaayahGa,2025-10-16,15:22:36,-07:00,2025-10-16T15:22:36-07:00,0,0
global.js,18,js,6340c434,MaayahGa,2025-10-16,15:22:36,-07:00,2025-10-16T15:22:36-07:00,0,15
global.js,19,js,6340c434,MaayahGa,2025-10-16,15:22:36,-07:00,2025-10-16T15:22:36-07:00,1,68
global.js,20,js,6340c434,MaayahGa,2025-10-16,15:22:36,-07:00,2025-10-16T15:22:36-07:00,2,3
global.js,21,js,80dff3a0,MaayahGa,2025-10-16,15:41:22,-07:00,2025-10-16T15:41:22-07:00,2,14
global.js,22,js,6340c434,MaayahGa,2025-10-16,15:22:36,-07:00,2025-10-16T15:22:36-07:00,0,0
global.js,23,js,6340c434,MaayahGa,2025-10-16,15:22:36,-07:00,2025-10-16T15:22:36-07:00,0,38
global.js,24,js,6340c434,MaayahGa,2025-10-16,15:22:36,-07:00,2025-10-16T15:22:36-07:00,0,25
global.js,25,js,6340c434,MaayahGa,2025-10-16,15:22:36,-07:00,2025-10-16T15:22:36-07:00,0,0
global.js,26,js,ba5c36c4,MaayahGa,2025-10-16,15:50:05,-07:00,2025-10-16T15:50:05-07:00,0,38
global.js,27,js,ba5c36c4,MaayahGa,2025-10-16,15:50:05,-07:00,2025-10-16T15:50:05-07:00,1,15
global.js,28,js,6340c434,MaayahGa,2025-10-16,15:22:36,-07:00,2025-10-16T15:22:36-07:00,1,61
global.js,29,js,ba5c36c4,MaayahGa,2025-10-16,15:50:05,-07:00,2025-10-16T15:50:05-07:00,0,0
global.js,30,js,6340c434,MaayahGa,2025-10-16,15:22:36,-07:00,2025-10-16T15:22:36-07:00,1,34
global.js,31,js,6340c434,MaayahGa,2025-10-16,15:22:36,-07:00,2025-10-16T15:22:36-07:00,1,11
global.js,32,js,6340c434,MaayahGa,2025-10-16,15:22:36,-07:00,2025-10-16T15:22:36-07:00,1,22
global.js,33,js,6340c434,MaayahGa,2025-10-16,15:22:36,-07:00,2025-10-16T15:22:36-07:00,0,0
global.js,34,js,ba5c36c4,MaayahGa,2025-10-16,15:50:05,-07:00,2025-10-16T15:50:05-07:00,1,15
global.js,35,js,6340c434,MaayahGa,2025-10-16,15:22:36,-07:00,2025-10-16T15:22:36-07:00,1,17
global.js,36,js,6340c434,MaayahGa,2025-10-16,15:22:36,-07:00,2025-10-16T15:22:36-07:00,2,8
global.js,37,js,6340c434,MaayahGa,2025-10-16,15:22:36,-07:00,2025-10-16T15:22:36-07:00,2,58
global.js,38,js,6340c434,MaayahGa,2025-10-16,15:22:36,-07:00,2025-10-16T15:22:36-07:00,1,0
global.js,39,js,6340c434,MaayahGa,2025-10-16,15:22:36,-07:00,2025-10-16T15:22:36-07:00,0,0
global.js,40,js,6340c434,MaayahGa,2025-10-16,15:22:36,-07:00,2025-10-16T15:22:36-07:00,1,52
global.js,41,js,f417b5c3,MaayahGa,2025-10-16,15:13:38,-07:00,2025-10-16T15:13:38-07:00,0,0
global.js,42,js,6340c434,MaayahGa,2025-10-16,15:22:36,-07:00,2025-10-16T15:22:36-07:00,1,12
global.js,43,js,ba5c36c4,MaayahGa,2025-10-16,15:50:05,-07:00,2025-10-16T15:50:05-07:00,0,0
global.js,44,js,ba5c36c4,MaayahGa,2025-10-16,15:50:05,-07:00,2025-10-16T15:50:05-07:00,1,67
global.js,45,js,ba5c36c4,MaayahGa,2025-10-16,15:50:05,-07:00,2025-10-16T15:50:05-07:00,0,0
global.js,46,js,ba5c36c4,MaayahGa,2025-10-16,15:50:05,-07:00,2025-10-16T15:50:05-07:00,0,0
global.js,47,js,ba5c36c4,MaayahGa,2025-10-16,15:50:05,-07:00,2025-10-16T15:50:05-07:00,0,6
global.js,48,js,ba5c36c4,MaayahGa,2025-10-16,15:50:05,-07:00,2025-10-16T15:50:05-07:00,0,31
global.js,49,js,ba5c36c4,MaayahGa,2025-10-16,15:50:05,-07:00,2025-10-16T15:50:05-07:00,1,11
global.js,50,js,ba5c36c4,MaayahGa,2025-10-16,15:50:05,-07:00,2025-10-16T15:50:05-07:00,1,0
global.js,51,js,ba5c36c4,MaayahGa,2025-10-16,15:50:05,-07:00,2025-10-16T15:50:05-07:00,1,26
global.js,52,js,ba5c36c4,MaayahGa,2025-10-16,15:50:05,-07:00,2025-10-16T15:50:05-07:00,2,4
global.js,53,js,ba5c36c4,MaayahGa,2025-10-16,15:50:05,-07:00,2025-10-16T15:50:05-07:00,2,6
global.js,54,js,ba5c36c4,MaayahGa,2025-10-16,15:50:05,-07:00,2025-10-16T15:50:05-07:00,3,43
global.js,55,js,ba5c36c4,MaayahGa,2025-10-16,15:50:05,-07:00,2025-10-16T15:50:05-07:00,3,34
global.js,56,js,ba5c36c4,MaayahGa,2025-10-16,15:50:05,-07:00,2025-10-16T15:50:05-07:00,3,32
global.js,57,js,ba5c36c4,MaayahGa,2025-10-16,15:50:05,-07:00,2025-10-16T15:50:05-07:00,2,7
global.js,58,js,ba5c36c4,MaayahGa,2025-10-16,15:50:05,-07:00,2025-10-16T15:50:05-07:00,1,6
global.js,59,js,ba5c36c4,MaayahGa,2025-10-16,15:50:05,-07:00,2025-10-16T15:50:05-07:00,1,0
global.js,60,js,ba5c36c4,MaayahGa,2025-10-16,15:50:05,-07:00,2025-10-16T15:50:05-07:00,0,0
global.js,61,js,ba5c36c4,MaayahGa,2025-10-16,15:50:05,-07:00,2025-10-16T15:50:05-07:00,0,0
global.js,62,js,ba5c36c4,MaayahGa,2025-10-16,15:50:05,-07:00,2025-10-16T15:50:05-07:00,0,60
global.js,63,js,ba5c36c4,MaayahGa,2025-10-16,15:50:05,-07:00,2025-10-16T15:50:05-07:00,0,0
global.js,64,js,ba5c36c4,MaayahGa,2025-10-16,15:50:05,-07:00,2025-10-16T15:50:05-07:00,0,31
global.js,65,js,ba5c36c4,MaayahGa,2025-10-16,15:50:05,-07:00,2025-10-16T15:50:05-07:00,1,65
global.js,66,js,ba5c36c4,MaayahGa,2025-10-16,15:50:05,-07:00,2025-10-16T15:50:05-07:00,1,20
global.js,67,js,ba5c36c4,MaayahGa,2025-10-16,15:50:05,-07:00,2025-10-16T15:50:05-07:00,0,0
global.js,68,js,ba5c36c4,MaayahGa,2025-10-16,15:50:05,-07:00,2025-10-16T15:50:05-07:00,0,0
global.js,69,js,ba5c36c4,MaayahGa,2025-10-16,15:50:05,-07:00,2025-10-16T15:50:05-07:00,0,49
global.js,70,js,ba5c36c4,MaayahGa,2025-10-16,15:50:05,-07:00,2025-10-16T15:50:05-07:00,1,34
global.js,71,js,ba5c36c4,MaayahGa,2025-10-16,15:50:05,-07:00,2025-10-16T15:50:05-07:00,2,39
global.js,72,js,ba5c36c4,MaayahGa,2025-10-16,15:50:05,-07:00,2025-10-16T15:50:05-07:00,1,0
global.js,73,js,ba5c36c4,MaayahGa,2025-10-16,15:50:05,-07:00,2025-10-16T15:50:05-07:00,0,1
global.js,74,js,ba5c36c4,MaayahGa,2025-10-16,15:50:05,-07:00,2025-10-16T15:50:05-07:00,0,0
global.js,75,js,ba5c36c4,MaayahGa,2025-10-16,15:50:05,-07:00,2025-10-16T15:50:05-07:00,0,43
global.js,76,js,ba5c36c4,MaayahGa,2025-10-16,15:50:05,-07:00,2025-10-16T15:50:05-07:00,1,31
global.js,77,js,ba5c36c4,MaayahGa,2025-10-16,15:50:05,-07:00,2025-10-16T15:50:05-07:00,1,20
global.js,78,js,ba5c36c4,MaayahGa,2025-10-16,15:50:05,-07:00,2025-10-16T15:50:05-07:00,1,31
global.js,79,js,ba5c36c4,MaayahGa,2025-10-16,15:50:05,-07:00,2025-10-16T15:50:05-07:00,0,1
global.js,80,js,ee4e849b,MaayahGa,2025-10-16,16:04:12,-07:00,2025-10-16T16:04:12-07:00,0,0
global.js,81,js,ee4e849b,MaayahGa,2025-10-16,16:04:12,-07:00,2025-10-16T16:04:12-07:00,0,0
global.js,82,js,ee4e849b,MaayahGa,2025-10-16,16:04:12,-07:00,2025-10-16T16:04:12-07:00,0,15
global.js,83,js,ee4e849b,MaayahGa,2025-10-16,16:04:12,-07:00,2025-10-16T16:04:12-07:00,0,55
global.js,84,js,ee4e849b,MaayahGa,2025-10-16,16:04:12,-07:00,2025-10-16T16:04:12-07:00,0,49
global.js,85,js,ee4e849b,MaayahGa,2025-10-16,16:04:12,-07:00,2025-10-16T16:04:12-07:00,1,21
global.js,86,js,ee4e849b,MaayahGa,2025-10-16,16:04:12,-07:00,2025-10-16T16:04:12-07:00,0,0
global.js,87,js,ee4e849b,MaayahGa,2025-10-16,16:04:12,-07:00,2025-10-16T16:04:12-07:00,1,30
global.js,88,js,ee4e849b,MaayahGa,2025-10-16,16:04:12,-07:00,2025-10-16T16:04:12-07:00,1,16
global.js,89,js,ee4e849b,MaayahGa,2025-10-16,16:04:12,-07:00,2025-10-16T16:04:12-07:00,0,0
global.js,90,js,ee4e849b,MaayahGa,2025-10-16,16:04:12,-07:00,2025-10-16T16:04:12-07:00,1,31
global.js,91,js,ee4e849b,MaayahGa,2025-10-16,16:04:12,-07:00,2025-10-16T16:04:12-07:00,2,70
global.js,92,js,ee4e849b,MaayahGa,2025-10-16,16:04:12,-07:00,2025-10-16T16:04:12-07:00,1,0
global.js,93,js,ee4e849b,MaayahGa,2025-10-16,16:04:12,-07:00,2025-10-16T16:04:12-07:00,0,0
global.js,94,js,ee4e849b,MaayahGa,2025-10-16,16:04:12,-07:00,2025-10-16T16:04:12-07:00,1,47
global.js,95,js,ee4e849b,MaayahGa,2025-10-16,16:04:12,-07:00,2025-10-16T16:04:12-07:00,1,18
global.js,96,js,075e0673,MaayahGa,2025-10-23,20:44:01,-07:00,2025-10-23T20:44:01-07:00,0,1
global.js,97,js,075e0673,MaayahGa,2025-10-23,20:44:01,-07:00,2025-10-23T20:44:01-07:00,0,0
global.js,98,js,075e0673,MaayahGa,2025-10-23,20:44:01,-07:00,2025-10-23T20:44:01-07:00,0,16
global.js,99,js,075e0673,MaayahGa,2025-10-23,20:44:01,-07:00,2025-10-23T20:44:01-07:00,0,36
global.js,100,js,075e0673,MaayahGa,2025-10-23,20:44:01,-07:00,2025-10-23T20:44:01-07:00,1,3
global.js,101,js,075e0673,MaayahGa,2025-10-23,20:44:01,-07:00,2025-10-23T20:44:01-07:00,2,32
global.js,102,js,075e0673,MaayahGa,2025-10-23,20:44:01,-07:00,2025-10-23T20:44:01-07:00,2,17
global.js,103,js,075e0673,MaayahGa,2025-10-23,20:44:01,-07:00,2025-10-23T20:44:01-07:00,3,66
global.js,104,js,075e0673,MaayahGa,2025-10-23,20:44:01,-07:00,2025-10-23T20:44:01-07:00,2,0
global.js,105,js,075e0673,MaayahGa,2025-10-23,20:44:01,-07:00,2025-10-23T20:44:01-07:00,2,33
global.js,106,js,075e0673,MaayahGa,2025-10-23,20:44:01,-07:00,2025-10-23T20:44:01-07:00,2,10
global.js,107,js,075e0673,MaayahGa,2025-10-23,20:44:01,-07:00,2025-10-23T20:44:01-07:00,1,15
global.js,108,js,075e0673,MaayahGa,2025-10-23,20:44:01,-07:00,2025-10-23T20:44:01-07:00,2,59
global.js,109,js,075e0673,MaayahGa,2025-10-23,20:44:01,-07:00,2025-10-23T20:44:01-07:00,1,0
global.js,110,js,075e0673,MaayahGa,2025-10-23,20:44:01,-07:00,2025-10-23T20:44:01-07:00,0,0
global.js,111,js,075e0673,MaayahGa,2025-10-23,20:44:01,-07:00,2025-10-23T20:44:01-07:00,0,0
global.js,112,js,075e0673,MaayahGa,2025-10-23,20:44:01,-07:00,2025-10-23T20:44:01-07:00,0,79
global.js,113,js,5ff09724,MaayahGa,2025-10-24,20:54:41,-07:00,2025-10-24T20:54:41-07:00,1,15
global.js,114,js,5ff09724,MaayahGa,2025-10-24,20:54:41,-07:00,2025-10-24T20:54:41-07:00,2,68
global.js,115,js,5ff09724,MaayahGa,2025-10-24,20:54:41,-07:00,2025-10-24T20:54:41-07:00,3,2
global.js,116,js,5ff09724,MaayahGa,2025-10-24,20:54:41,-07:00,2025-10-24T20:54:41-07:00,3,14
global.js,117,js,5ff09724,MaayahGa,2025-10-24,20:54:41,-07:00,2025-10-24T20:54:41-07:00,3,0
global.js,118,js,075e0673,MaayahGa,2025-10-23,20:44:01,-07:00,2025-10-23T20:44:01-07:00,1,30
global.js,119,js,075e0673,MaayahGa,2025-10-23,20:44:01,-07:00,2025-10-23T20:44:01-07:00,0,0
global.js,120,js,075e0673,MaayahGa,2025-10-23,20:44:01,-07:00,2025-10-23T20:44:01-07:00,1,29
global.js,121,js,075e0673,MaayahGa,2025-10-23,20:44:01,-07:00,2025-10-23T20:44:01-07:00,2,48
global.js,122,js,075e0673,MaayahGa,2025-10-23,20:44:01,-07:00,2025-10-23T20:44:01-07:00,2,19
global.js,123,js,075e0673,MaayahGa,2025-10-23,20:44:01,-07:00,2025-10-23T20:44:01-07:00,3,49
global.js,124,js,4f556bc0,MaayahGa,2025-10-24,20:28:06,-07:00,2025-10-24T20:28:06-07:00,3,33
global.js,125,js,5ff09724,MaayahGa,2025-10-24,20:54:41,-07:00,2025-10-24T20:54:41-07:00,3,61
global.js,126,js,5ff09724,MaayahGa,2025-10-24,20:54:41,-07:00,2025-10-24T20:54:41-07:00,3,47
global.js,127,js,075e0673,MaayahGa,2025-10-23,20:44:01,-07:00,2025-10-23T20:44:01-07:00,2,0
global.js,128,js,075e0673,MaayahGa,2025-10-23,20:44:01,-07:00,2025-10-23T20:44:01-07:00,2,36
global.js,129,js,075e0673,MaayahGa,2025-10-23,20:44:01,-07:00,2025-10-23T20:44:01-07:00,1,1
global.js,130,js,075e0673,MaayahGa,2025-10-23,20:44:01,-07:00,2025-10-23T20:44:01-07:00,0,0
global.js,131,js,0e99fa62,MaayahGa,2025-10-23,21:50:38,-07:00,2025-10-23T21:50:38-07:00,0,0
global.js,132,js,0e99fa62,MaayahGa,2025-10-23,21:50:38,-07:00,2025-10-23T21:50:38-07:00,0,47
global.js,133,js,0e99fa62,MaayahGa,2025-10-23,21:50:38,-07:00,2025-10-23T21:50:38-07:00,1,59
global.js,134,js,0e99fa62,MaayahGa,2025-10-23,21:50:38,-07:00,2025-10-23T21:50:38-07:00,0,0
projects/projects.js,1,js,075e0673,MaayahGa,2025-10-23,20:44:01,-07:00,2025-10-23T20:44:01-07:00,0,55
projects/projects.js,2,js,075e0673,MaayahGa,2025-10-23,20:44:01,-07:00,2025-10-23T20:44:01-07:00,0,0
projects/projects.js,3,js,79178cf8,MaayahGa,2025-10-30,12:28:28,-07:00,2025-10-30T12:28:28-07:00,0,63
projects/projects.js,4,js,79178cf8,MaayahGa,2025-10-30,12:28:28,-07:00,2025-10-30T12:28:28-07:00,0,0
projects/projects.js,5,js,3023b586,MaayahGa,2025-10-24,21:00:47,-07:00,2025-10-24T21:00:47-07:00,0,15
projects/projects.js,6,js,3023b586,MaayahGa,2025-10-24,21:00:47,-07:00,2025-10-24T21:00:47-07:00,1,68
projects/projects.js,7,js,3023b586,MaayahGa,2025-10-24,21:00:47,-07:00,2025-10-24T21:00:47-07:00,2,5
projects/projects.js,8,js,3023b586,MaayahGa,2025-10-24,21:00:47,-07:00,2025-10-24T21:00:47-07:00,2,14
projects/projects.js,9,js,3023b586,MaayahGa,2025-10-24,21:00:47,-07:00,2025-10-24T21:00:47-07:00,0,0
projects/projects.js,10,js,3023b586,MaayahGa,2025-10-24,21:00:47,-07:00,2025-10-24T21:00:47-07:00,0,64
projects/projects.js,11,js,075e0673,MaayahGa,2025-10-23,20:44:01,-07:00,2025-10-23T20:44:01-07:00,0,60
projects/projects.js,12,js,075e0673,MaayahGa,2025-10-23,20:44:01,-07:00,2025-10-23T20:44:01-07:00,0,0
projects/projects.js,13,js,075e0673,MaayahGa,2025-10-23,20:44:01,-07:00,2025-10-23T20:44:01-07:00,0,34
projects/projects.js,14,js,075e0673,MaayahGa,2025-10-23,20:44:01,-07:00,2025-10-23T20:44:01-07:00,1,48
projects/projects.js,15,js,075e0673,MaayahGa,2025-10-23,20:44:01,-07:00,2025-10-23T20:44:01-07:00,0,0
projects/projects.js,16,js,075e0673,MaayahGa,2025-10-23,20:44:01,-07:00,2025-10-23T20:44:01-07:00,1,54
projects/projects.js,17,js,075e0673,MaayahGa,2025-10-23,20:44:01,-07:00,2025-10-23T20:44:01-07:00,1,10
projects/projects.js,18,js,075e0673,MaayahGa,2025-10-23,20:44:01,-07:00,2025-10-23T20:44:01-07:00,2,43
projects/projects.js,19,js,075e0673,MaayahGa,2025-10-23,20:44:01,-07:00,2025-10-23T20:44:01-07:00,1,0
projects/projects.js,20,js,79178cf8,MaayahGa,2025-10-30,12:28:28,-07:00,2025-10-30T12:28:28-07:00,0,0
projects/projects.js,21,js,79178cf8,MaayahGa,2025-10-30,12:28:28,-07:00,2025-10-30T12:28:28-07:00,0,0
projects/projects.js,22,js,2ce8d2f1,MaayahGa,2025-10-30,12:44:20,-07:00,2025-10-30T12:44:20-07:00,0,13
projects/projects.js,23,js,79178cf8,MaayahGa,2025-10-30,12:28:28,-07:00,2025-10-30T12:28:28-07:00,0,0
projects/projects.js,24,js,dc8551c2,MaayahGa,2025-10-30,12:40:42,-07:00,2025-10-30T12:40:42-07:00,0,57
projects/projects.js,25,js,53a6f8a4,MaayahGa,2025-10-30,12:35:33,-07:00,2025-10-30T12:35:33-07:00,0,0
projects/projects.js,26,js,dc8551c2,MaayahGa,2025-10-30,12:40:42,-07:00,2025-10-30T12:40:42-07:00,0,47
projects/projects.js,27,js,79178cf8,MaayahGa,2025-10-30,12:28:28,-07:00,2025-10-30T12:28:28-07:00,0,0
projects/projects.js,28,js,2ce8d2f1,MaayahGa,2025-10-30,12:44:20,-07:00,2025-10-30T12:44:20-07:00,0,21
projects/projects.js,29,js,79178cf8,MaayahGa,2025-10-30,12:28:28,-07:00,2025-10-30T12:28:28-07:00,0,0
projects/projects.js,30,js,2ce8d2f1,MaayahGa,2025-10-30,12:44:20,-07:00,2025-10-30T12:44:20-07:00,0,38
projects/projects.js,31,js,dc8551c2,MaayahGa,2025-10-30,12:40:42,-07:00,2025-10-30T12:40:42-07:00,1,29
projects/projects.js,32,js,dc8551c2,MaayahGa,2025-10-30,12:40:42,-07:00,2025-10-30T12:40:42-07:00,2,12
projects/projects.js,33,js,dc8551c2,MaayahGa,2025-10-30,12:40:42,-07:00,2025-10-30T12:40:42-07:00,2,14
projects/projects.js,34,js,dc8551c2,MaayahGa,2025-10-30,12:40:42,-07:00,2025-10-30T12:40:42-07:00,2,12
projects/projects.js,35,js,dc8551c2,MaayahGa,2025-10-30,12:40:42,-07:00,2025-10-30T12:40:42-07:00,1,0
projects/projects.js,36,js,79178cf8,MaayahGa,2025-10-30,12:28:28,-07:00,2025-10-30T12:28:28-07:00,0,0
projects/projects.js,37,js,dc8551c2,MaayahGa,2025-10-30,12:40:42,-07:00,2025-10-30T12:40:42-07:00,1,50
projects/projects.js,38,js,dc8551c2,MaayahGa,2025-10-30,12:40:42,-07:00,2025-10-30T12:40:42-07:00,2,35
projects/projects.js,39,js,dc8551c2,MaayahGa,2025-10-30,12:40:42,-07:00,2025-10-30T12:40:42-07:00,1,1
projects/projects.js,40,js,79178cf8,MaayahGa,2025-10-30,12:28:28,-07:00,2025-10-30T12:28:28-07:00,0,0
projects/projects.js,41,js,dc8551c2,MaayahGa,2025-10-30,12:40:42,-07:00,2025-10-30T12:40:42-07:00,1,53
projects/projects.js,42,js,dc8551c2,MaayahGa,2025-10-30,12:40:42,-07:00,2025-10-30T12:40:42-07:00,1,42
projects/projects.js,43,js,dc8551c2,MaayahGa,2025-10-30,12:40:42,-07:00,2025-10-30T12:40:42-07:00,1,51
projects/projects.js,44,js,dc8551c2,MaayahGa,2025-10-30,12:40:42,-07:00,2025-10-30T12:40:42-07:00,0,0
projects/projects.js,45,js,dc8551c2,MaayahGa,2025-10-30,12:40:42,-07:00,2025-10-30T12:40:42-07:00,1,40
projects/projects.js,46,js,dc8551c2,MaayahGa,2025-10-30,12:40:42,-07:00,2025-10-30T12:40:42-07:00,1,29
projects/projects.js,47,js,dc8551c2,MaayahGa,2025-10-30,12:40:42,-07:00,2025-10-30T12:40:42-07:00,1,0
projects/projects.js,48,js,dc8551c2,MaayahGa,2025-10-30,12:40:42,-07:00,2025-10-30T12:40:42-07:00,1,32
projects/projects.js,49,js,dc8551c2,MaayahGa,2025-10-30,12:40:42,-07:00,2025-10-30T12:40:42-07:00,1,30
projects/projects.js,50,js,dc8551c2,MaayahGa,2025-10-30,12:40:42,-07:00,2025-10-30T12:40:42-07:00,0,0
projects/projects.js,51,js,2ce8d2f1,MaayahGa,2025-10-30,12:44:20,-07:00,2025-10-30T12:44:20-07:00,1,37
projects/projects.js,52,js,2ce8d2f1,MaayahGa,2025-10-30,12:44:20,-07:00,2025-10-30T12:44:20-07:00,1,27
projects/projects.js,53,js,dc8551c2,MaayahGa,2025-10-30,12:40:42,-07:00,2025-10-30T12:40:42-07:00,2,1
projects/projects.js,54,js,dc8551c2,MaayahGa,2025-10-30,12:40:42,-07:00,2025-10-30T12:40:42-07:00,3,13
projects/projects.js,55,js,dc8551c2,MaayahGa,2025-10-30,12:40:42,-07:00,2025-10-30T12:40:42-07:00,3,13
projects/projects.js,56,js,2ce8d2f1,MaayahGa,2025-10-30,12:44:20,-07:00,2025-10-30T12:44:20-07:00,3,22
projects/projects.js,57,js,2ce8d2f1,MaayahGa,2025-10-30,12:44:20,-07:00,2025-10-30T12:44:20-07:00,3,51
projects/projects.js,58,js,2ce8d2f1,MaayahGa,2025-10-30,12:44:20,-07:00,2025-10-30T12:44:20-07:00,3,18
projects/projects.js,59,js,2ce8d2f1,MaayahGa,2025-10-30,12:44:20,-07:00,2025-10-30T12:44:20-07:00,4,43
projects/projects.js,60,js,2ce8d2f1,MaayahGa,2025-10-30,12:44:20,-07:00,2025-10-30T12:44:20-07:00,0,0
projects/projects.js,61,js,2ce8d2f1,MaayahGa,2025-10-30,12:44:20,-07:00,2025-10-30T12:44:20-07:00,4,1
projects/projects.js,62,js,2ce8d2f1,MaayahGa,2025-10-30,12:44:20,-07:00,2025-10-30T12:44:20-07:00,5,16
projects/projects.js,63,js,2ce8d2f1,MaayahGa,2025-10-30,12:44:20,-07:00,2025-10-30T12:44:20-07:00,5,68
projects/projects.js,64,js,2ce8d2f1,MaayahGa,2025-10-30,12:44:20,-07:00,2025-10-30T12:44:20-07:00,0,0
projects/projects.js,65,js,2ce8d2f1,MaayahGa,2025-10-30,12:44:20,-07:00,2025-10-30T12:44:20-07:00,4,4
projects/projects.js,66,js,2ce8d2f1,MaayahGa,2025-10-30,12:44:20,-07:00,2025-10-30T12:44:20-07:00,5,14
projects/projects.js,67,js,2ce8d2f1,MaayahGa,2025-10-30,12:44:20,-07:00,2025-10-30T12:44:20-07:00,5,24
projects/projects.js,68,js,2ce8d2f1,MaayahGa,2025-10-30,12:44:20,-07:00,2025-10-30T12:44:20-07:00,6,60
projects/projects.js,69,js,2ce8d2f1,MaayahGa,2025-10-30,12:44:20,-07:00,2025-10-30T12:44:20-07:00,5,0
projects/projects.js,70,js,2ce8d2f1,MaayahGa,2025-10-30,12:44:20,-07:00,2025-10-30T12:44:20-07:00,0,0
projects/projects.js,71,js,2ce8d2f1,MaayahGa,2025-10-30,12:44:20,-07:00,2025-10-30T12:44:20-07:00,4,25
projects/projects.js,72,js,2ce8d2f1,MaayahGa,2025-10-30,12:44:20,-07:00,2025-10-30T12:44:20-07:00,5,48
projects/projects.js,73,js,2ce8d2f1,MaayahGa,2025-10-30,12:44:20,-07:00,2025-10-30T12:44:20-07:00,5,54
projects/projects.js,74,js,2ce8d2f1,MaayahGa,2025-10-30,12:44:20,-07:00,2025-10-30T12:44:20-07:00,5,10
projects/projects.js,75,js,2ce8d2f1,MaayahGa,2025-10-30,12:44:20,-07:00,2025-10-30T12:44:20-07:00,6,50
projects/projects.js,76,js,2ce8d2f1,MaayahGa,2025-10-30,12:44:20,-07:00,2025-10-30T12:44:20-07:00,5,0
projects/projects.js,77,js,2ce8d2f1,MaayahGa,2025-10-30,12:44:20,-07:00,2025-10-30T12:44:20-07:00,4,6
projects/projects.js,78,js,2ce8d2f1,MaayahGa,2025-10-30,12:44:20,-07:00,2025-10-30T12:44:20-07:00,5,46
projects/projects.js,79,js,2ce8d2f1,MaayahGa,2025-10-30,12:44:20,-07:00,2025-10-30T12:44:20-07:00,5,37
projects/projects.js,80,js,2ce8d2f1,MaayahGa,2025-10-30,12:44:20,-07:00,2025-10-30T12:44:20-07:00,6,40
projects/projects.js,81,js,2ce8d2f1,MaayahGa,2025-10-30,12:44:20,-07:00,2025-10-30T12:44:20-07:00,5,0
projects/projects.js,82,js,2ce8d2f1,MaayahGa,2025-10-30,12:44:20,-07:00,2025-10-30T12:44:20-07:00,5,56
projects/projects.js,83,js,2ce8d2f1,MaayahGa,2025-10-30,12:44:20,-07:00,2025-10-30T12:44:20-07:00,5,54
projects/projects.js,84,js,2ce8d2f1,MaayahGa,2025-10-30,12:44:20,-07:00,2025-10-30T12:44:20-07:00,5,10
projects/projects.js,85,js,2ce8d2f1,MaayahGa,2025-10-30,12:44:20,-07:00,2025-10-30T12:44:20-07:00,6,76
projects/projects.js,86,js,2ce8d2f1,MaayahGa,2025-10-30,12:44:20,-07:00,2025-10-30T12:44:20-07:00,5,0
projects/projects.js,87,js,2ce8d2f1,MaayahGa,2025-10-30,12:44:20,-07:00,2025-10-30T12:44:20-07:00,4,0
projects/projects.js,88,js,2ce8d2f1,MaayahGa,2025-10-30,12:44:20,-07:00,2025-10-30T12:44:20-07:00,3,1
projects/projects.js,89,js,dc8551c2,MaayahGa,2025-10-30,12:40:42,-07:00,2025-10-30T12:40:42-07:00,1,1
projects/projects.js,90,js,dc8551c2,MaayahGa,2025-10-30,12:40:42,-07:00,2025-10-30T12:40:42-07:00,0,0
projects/projects.js,91,js,2ce8d2f1,MaayahGa,2025-10-30,12:44:20,-07:00,2025-10-30T12:44:20-07:00,1,25
projects/projects.js,92,js,dc8551c2,MaayahGa,2025-10-30,12:40:42,-07:00,2025-10-30T12:40:42-07:00,2,4
projects/projects.js,93,js,dc8551c2,MaayahGa,2025-10-30,12:40:42,-07:00,2025-10-30T12:40:42-07:00,3,11
projects/projects.js,94,js,2ce8d2f1,MaayahGa,2025-10-30,12:44:20,-07:00,2025-10-30T12:44:20-07:00,3,36
projects/projects.js,95,js,2ce8d2f1,MaayahGa,2025-10-30,12:44:20,-07:00,2025-10-30T12:44:20-07:00,3,74
projects/projects.js,96,js,2ce8d2f1,MaayahGa,2025-10-30,12:44:20,-07:00,2025-10-30T12:44:20-07:00,3,68
projects/projects.js,97,js,2ce8d2f1,MaayahGa,2025-10-30,12:44:20,-07:00,2025-10-30T12:44:20-07:00,3,18
projects/projects.js,98,js,2ce8d2f1,MaayahGa,2025-10-30,12:44:20,-07:00,2025-10-30T12:44:20-07:00,4,43
projects/projects.js,99,js,2ce8d2f1,MaayahGa,2025-10-30,12:44:20,-07:00,2025-10-30T12:44:20-07:00,0,0
projects/projects.js,100,js,2ce8d2f1,MaayahGa,2025-10-30,12:44:20,-07:00,2025-10-30T12:44:20-07:00,4,1
projects/projects.js,101,js,2ce8d2f1,MaayahGa,2025-10-30,12:44:20,-07:00,2025-10-30T12:44:20-07:00,5,16
projects/projects.js,102,js,2ce8d2f1,MaayahGa,2025-10-30,12:44:20,-07:00,2025-10-30T12:44:20-07:00,5,68
projects/projects.js,103,js,2ce8d2f1,MaayahGa,2025-10-30,12:44:20,-07:00,2025-10-30T12:44:20-07:00,0,0
projects/projects.js,104,js,2ce8d2f1,MaayahGa,2025-10-30,12:44:20,-07:00,2025-10-30T12:44:20-07:00,4,4
projects/projects.js,105,js,2ce8d2f1,MaayahGa,2025-10-30,12:44:20,-07:00,2025-10-30T12:44:20-07:00,5,14
projects/projects.js,106,js,2ce8d2f1,MaayahGa,2025-10-30,12:44:20,-07:00,2025-10-30T12:44:20-07:00,5,24
projects/projects.js,107,js,2ce8d2f1,MaayahGa,2025-10-30,12:44:20,-07:00,2025-10-30T12:44:20-07:00,6,60
projects/projects.js,108,js,2ce8d2f1,MaayahGa,2025-10-30,12:44:20,-07:00,2025-10-30T12:44:20-07:00,5,0
projects/projects.js,109,js,2ce8d2f1,MaayahGa,2025-10-30,12:44:20,-07:00,2025-10-30T12:44:20-07:00,0,0
projects/projects.js,110,js,2ce8d2f1,MaayahGa,2025-10-30,12:44:20,-07:00,2025-10-30T12:44:20-07:00,4,25
projects/projects.js,111,js,2ce8d2f1,MaayahGa,2025-10-30,12:44:20,-07:00,2025-10-30T12:44:20-07:00,5,48
projects/projects.js,112,js,2ce8d2f1,MaayahGa,2025-10-30,12:44:20,-07:00,2025-10-30T12:44:20-07:00,5,54
projects/projects.js,113,js,2ce8d2f1,MaayahGa,2025-10-30,12:44:20,-07:00,2025-10-30T12:44:20-07:00,5,10
projects/projects.js,114,js,2ce8d2f1,MaayahGa,2025-10-30,12:44:20,-07:00,2025-10-30T12:44:20-07:00,6,50
projects/projects.js,115,js,2ce8d2f1,MaayahGa,2025-10-30,12:44:20,-07:00,2025-10-30T12:44:20-07:00,5,0
projects/projects.js,116,js,2ce8d2f1,MaayahGa,2025-10-30,12:44:20,-07:00,2025-10-30T12:44:20-07:00,4,6
projects/projects.js,117,js,2ce8d2f1,MaayahGa,2025-10-30,12:44:20,-07:00,2025-10-30T12:44:20-07:00,5,46
projects/projects.js,118,js,2ce8d2f1,MaayahGa,2025-10-30,12:44:20,-07:00,2025-10-30T12:44:20-07:00,5,37
projects/projects.js,119,js,2ce8d2f1,MaayahGa,2025-10-30,12:44:20,-07:00,2025-10-30T12:44:20-07:00,6,40
projects/projects.js,120,js,2ce8d2f1,MaayahGa,2025-10-30,12:44:20,-07:00,2025-10-30T12:44:20-07:00,5,0
projects/projects.js,121,js,2ce8d2f1,MaayahGa,2025-10-30,12:44:20,-07:00,2025-10-30T12:44:20-07:00,5,56
projects/projects.js,122,js,2ce8d2f1,MaayahGa,2025-10-30,12:44:20,-07:00,2025-10-30T12:44:20-07:00,5,54
projects/projects.js,123,js,2ce8d2f1,MaayahGa,2025-10-30,12:44:20,-07:00,2025-10-30T12:44:20-07:00,5,10
projects/projects.js,124,js,2ce8d2f1,MaayahGa,2025-10-30,12:44:20,-07:00,2025-10-30T12:44:20-07:00,6,76
projects/projects.js,125,js,2ce8d2f1,MaayahGa,2025-10-30,12:44:20,-07:00,2025-10-30T12:44:20-07:00,5,0
projects/projects.js,126,js,2ce8d2f1,MaayahGa,2025-10-30,12:44:20,-07:00,2025-10-30T12:44:20-07:00,4,0
projects/projects.js,127,js,2ce8d2f1,MaayahGa,2025-10-30,12:44:20,-07:00,2025-10-30T12:44:20-07:00,3,1
projects/projects.js,128,js,dc8551c2,MaayahGa,2025-10-30,12:40:42,-07:00,2025-10-30T12:40:42-07:00,1,1
projects/projects.js,129,js,dc8551c2,MaayahGa,2025-10-30,12:40:42,-07:00,2025-10-30T12:40:42-07:00,0,0
projects/projects.js,130,js,dc8551c2,MaayahGa,2025-10-30,12:40:42,-07:00,2025-10-30T12:40:42-07:00,0,0
projects/projects.js,131,js,dc8551c2,MaayahGa,2025-10-30,12:40:42,-07:00,2025-10-30T12:40:42-07:00,0,23
projects/projects.js,132,js,dc8551c2,MaayahGa,2025-10-30,12:40:42,-07:00,2025-10-30T12:40:42-07:00,0,0
projects/projects.js,133,js,dc8551c2,MaayahGa,2025-10-30,12:40:42,-07:00,2025-10-30T12:40:42-07:00,0,13
projects/projects.js,134,js,dc8551c2,MaayahGa,2025-10-30,12:40:42,-07:00,2025-10-30T12:40:42-07:00,0,53
projects/projects.js,135,js,dc8551c2,MaayahGa,2025-10-30,12:40:42,-07:00,2025-10-30T12:40:42-07:00,0,0
projects/projects.js,136,js,dc8551c2,MaayahGa,2025-10-30,12:40:42,-07:00,2025-10-30T12:40:42-07:00,0,48
projects/projects.js,137,js,dc8551c2,MaayahGa,2025-10-30,12:40:42,-07:00,2025-10-30T12:40:42-07:00,1,25
projects/projects.js,138,js,dc8551c2,MaayahGa,2025-10-30,12:40:42,-07:00,2025-10-30T12:40:42-07:00,0,0
projects/projects.js,139,js,2ce8d2f1,MaayahGa,2025-10-30,12:44:20,-07:00,2025-10-30T12:44:20-07:00,1,17
projects/projects.js,140,js,2ce8d2f1,MaayahGa,2025-10-30,12:44:20,-07:00,2025-10-30T12:44:20-07:00,0,0
projects/projects.js,141,js,dc8551c2,MaayahGa,2025-10-30,12:40:42,-07:00,2025-10-30T12:40:42-07:00,1,51
projects/projects.js,142,js,dc8551c2,MaayahGa,2025-10-30,12:40:42,-07:00,2025-10-30T12:40:42-07:00,2,59
projects/projects.js,143,js,dc8551c2,MaayahGa,2025-10-30,12:40:42,-07:00,2025-10-30T12:40:42-07:00,2,42
projects/projects.js,144,js,dc8551c2,MaayahGa,2025-10-30,12:40:42,-07:00,2025-10-30T12:40:42-07:00,1,1
projects/projects.js,145,js,dc8551c2,MaayahGa,2025-10-30,12:40:42,-07:00,2025-10-30T12:40:42-07:00,0,0
projects/projects.js,146,js,dc8551c2,MaayahGa,2025-10-30,12:40:42,-07:00,2025-10-30T12:40:42-07:00,1,56
projects/projects.js,147,js,dc8551c2,MaayahGa,2025-10-30,12:40:42,-07:00,2025-10-30T12:40:42-07:00,0,0
projects/projects.js,148,js,dc8551c2,MaayahGa,2025-10-30,12:40:42,-07:00,2025-10-30T12:40:42-07:00,1,54
projects/projects.js,149,js,dc8551c2,MaayahGa,2025-10-30,12:40:42,-07:00,2025-10-30T12:40:42-07:00,1,10
projects/projects.js,150,js,dc8551c2,MaayahGa,2025-10-30,12:40:42,-07:00,2025-10-30T12:40:42-07:00,2,58
projects/projects.js,151,js,dc8551c2,MaayahGa,2025-10-30,12:40:42,-07:00,2025-10-30T12:40:42-07:00,1,0
projects/projects.js,152,js,79178cf8,MaayahGa,2025-10-30,12:28:28,-07:00,2025-10-30T12:28:28-07:00,0,0
projects/projects.js,153,js,dc8551c2,MaayahGa,2025-10-30,12:40:42,-07:00,2025-10-30T12:40:42-07:00,1,31
projects/projects.js,154,js,79178cf8,MaayahGa,2025-10-30,12:28:28,-07:00,2025-10-30T12:28:28-07:00,0,1
projects/index.html,1,html,94428de6,MaayahGa,2025-09-30,12:28:46,-07:00,2025-09-30T12:28:46-07:00,0,13
projects/index.html,2,html,94428de6,MaayahGa,2025-09-30,12:28:46,-07:00,2025-09-30T12:28:46-07:00,0,14
projects/index.html,3,html,075e0673,MaayahGa,2025-10-23,20:44:01,-07:00,2025-10-23T20:44:01-07:00,1,4
projects/index.html,4,html,94428de6,MaayahGa,2025-09-30,12:28:46,-07:00,2025-09-30T12:28:46-07:00,2,20
projects/index.html,5,html,94428de6,MaayahGa,2025-09-30,12:28:46,-07:00,2025-09-30T12:28:46-07:00,2,68
projects/index.html,6,html,94428de6,MaayahGa,2025-09-30,12:28:46,-07:00,2025-09-30T12:28:46-07:00,2,38
projects/index.html,7,html,94428de6,MaayahGa,2025-09-30,12:28:46,-07:00,2025-09-30T12:28:46-07:00,2,41
projects/index.html,8,html,075e0673,MaayahGa,2025-10-23,20:44:01,-07:00,2025-10-23T20:44:01-07:00,1,5
projects/index.html,9,html,075e0673,MaayahGa,2025-10-23,20:44:01,-07:00,2025-10-23T20:44:01-07:00,1,4
projects/index.html,10,html,075e0673,MaayahGa,2025-10-23,20:44:01,-07:00,2025-10-23T20:44:01-07:00,2,38
projects/index.html,11,html,79178cf8,MaayahGa,2025-10-30,12:28:28,-07:00,2025-10-30T12:28:28-07:00,2,0
projects/index.html,12,html,dc8551c2,MaayahGa,2025-10-30,12:40:42,-07:00,2025-10-30T12:40:42-07:00,2,31
projects/index.html,13,html,c8a29e4c,MaayahGa,2025-10-30,12:33:10,-07:00,2025-10-30T12:33:10-07:00,2,25
projects/index.html,14,html,c8a29e4c,MaayahGa,2025-10-30,12:33:10,-07:00,2025-10-30T12:33:10-07:00,3,58
projects/index.html,15,html,c8a29e4c,MaayahGa,2025-10-30,12:33:10,-07:00,2025-10-30T12:33:10-07:00,3,22
projects/index.html,16,html,c8a29e4c,MaayahGa,2025-10-30,12:33:10,-07:00,2025-10-30T12:33:10-07:00,2,4
projects/index.html,17,html,79178cf8,MaayahGa,2025-10-30,12:28:28,-07:00,2025-10-30T12:28:28-07:00,2,0
projects/index.html,18,html,dc8551c2,MaayahGa,2025-10-30,12:40:42,-07:00,2025-10-30T12:40:42-07:00,2,17
projects/index.html,19,html,dc8551c2,MaayahGa,2025-10-30,12:40:42,-07:00,2025-10-30T12:40:42-07:00,2,4
projects/index.html,20,html,dc8551c2,MaayahGa,2025-10-30,12:40:42,-07:00,2025-10-30T12:40:42-07:00,3,15
projects/index.html,21,html,dc8551c2,MaayahGa,2025-10-30,12:40:42,-07:00,2025-10-30T12:40:42-07:00,3,11
projects/index.html,22,html,dc8551c2,MaayahGa,2025-10-30,12:40:42,-07:00,2025-10-30T12:40:42-07:00,3,26
projects/index.html,23,html,dc8551c2,MaayahGa,2025-10-30,12:40:42,-07:00,2025-10-30T12:40:42-07:00,3,31
projects/index.html,24,html,dc8551c2,MaayahGa,2025-10-30,12:40:42,-07:00,2025-10-30T12:40:42-07:00,2,0
projects/index.html,25,html,dc8551c2,MaayahGa,2025-10-30,12:40:42,-07:00,2025-10-30T12:40:42-07:00,2,0
projects/index.html,26,html,075e0673,MaayahGa,2025-10-23,20:44:01,-07:00,2025-10-23T20:44:01-07:00,2,34
projects/index.html,27,html,2626fc10,MaayahGa,2025-10-10,19:36:51,-07:00,2025-10-10T19:36:51-07:00,0,0
projects/index.html,28,html,4d53208f,MaayahGa,2025-10-16,15:06:10,-07:00,2025-10-16T15:06:10-07:00,2,48
projects/index.html,29,html,075e0673,MaayahGa,2025-10-23,20:44:01,-07:00,2025-10-23T20:44:01-07:00,2,47
projects/index.html,30,html,075e0673,MaayahGa,2025-10-23,20:44:01,-07:00,2025-10-23T20:44:01-07:00,1,5
projects/index.html,31,html,79178cf8,MaayahGa,2025-10-30,12:28:28,-07:00,2025-10-30T12:28:28-07:00,0,5
cv/index.html,1,html,94428de6,MaayahGa,2025-09-30,12:28:46,-07:00,2025-09-30T12:28:46-07:00,0,13
cv/index.html,2,html,94428de6,MaayahGa,2025-09-30,12:28:46,-07:00,2025-09-30T12:28:46-07:00,0,14
cv/index.html,3,html,94428de6,MaayahGa,2025-09-30,12:28:46,-07:00,2025-09-30T12:28:46-07:00,0,4
cv/index.html,4,html,94428de6,MaayahGa,2025-09-30,12:28:46,-07:00,2025-09-30T12:28:46-07:00,2,20
cv/index.html,5,html,94428de6,MaayahGa,2025-09-30,12:28:46,-07:00,2025-09-30T12:28:46-07:00,2,68
cv/index.html,6,html,94428de6,MaayahGa,2025-09-30,12:28:46,-07:00,2025-09-30T12:28:46-07:00,2,32
cv/index.html,7,html,94428de6,MaayahGa,2025-09-30,12:28:46,-07:00,2025-09-30T12:28:46-07:00,2,41
cv/index.html,8,html,94428de6,MaayahGa,2025-09-30,12:28:46,-07:00,2025-09-30T12:28:46-07:00,0,5
cv/index.html,9,html,94428de6,MaayahGa,2025-09-30,12:28:46,-07:00,2025-09-30T12:28:46-07:00,0,4
cv/index.html,10,html,94428de6,MaayahGa,2025-09-30,12:28:46,-07:00,2025-09-30T12:28:46-07:00,0,0
cv/index.html,11,html,94428de6,MaayahGa,2025-09-30,12:28:46,-07:00,2025-09-30T12:28:46-07:00,0,0
cv/index.html,12,html,94428de6,MaayahGa,2025-09-30,12:28:46,-07:00,2025-09-30T12:28:46-07:00,2,40
cv/index.html,13,html,94428de6,MaayahGa,2025-09-30,12:28:46,-07:00,2025-09-30T12:28:46-07:00,0,0
cv/index.html,14,html,94428de6,MaayahGa,2025-09-30,12:28:46,-07:00,2025-09-30T12:28:46-07:00,2,7
cv/index.html,15,html,94428de6,MaayahGa,2025-09-30,12:28:46,-07:00,2025-09-30T12:28:46-07:00,4,33
cv/index.html,16,html,94428de6,MaayahGa,2025-09-30,12:28:46,-07:00,2025-09-30T12:28:46-07:00,4,7
cv/index.html,17,html,94428de6,MaayahGa,2025-09-30,12:28:46,-07:00,2025-09-30T12:28:46-07:00,6,41
cv/index.html,18,html,94428de6,MaayahGa,2025-09-30,12:28:46,-07:00,2025-09-30T12:28:46-07:00,6,40
cv/index.html,19,html,94428de6,MaayahGa,2025-09-30,12:28:46,-07:00,2025-09-30T12:28:46-07:00,6,81
cv/index.html,20,html,94428de6,MaayahGa,2025-09-30,12:28:46,-07:00,2025-09-30T12:28:46-07:00,4,8
cv/index.html,21,html,94428de6,MaayahGa,2025-09-30,12:28:46,-07:00,2025-09-30T12:28:46-07:00,2,8
cv/index.html,22,html,94428de6,MaayahGa,2025-09-30,12:28:46,-07:00,2025-09-30T12:28:46-07:00,0,0
cv/index.html,23,html,94428de6,MaayahGa,2025-09-30,12:28:46,-07:00,2025-09-30T12:28:46-07:00,2,7
cv/index.html,24,html,94428de6,MaayahGa,2025-09-30,12:28:46,-07:00,2025-09-30T12:28:46-07:00,4,34
cv/index.html,25,html,94428de6,MaayahGa,2025-09-30,12:28:46,-07:00,2025-09-30T12:28:46-07:00,4,7
cv/index.html,26,html,94428de6,MaayahGa,2025-09-30,12:28:46,-07:00,2025-09-30T12:28:46-07:00,6,28
cv/index.html,27,html,94428de6,MaayahGa,2025-09-30,12:28:46,-07:00,2025-09-30T12:28:46-07:00,6,44
cv/index.html,28,html,94428de6,MaayahGa,2025-09-30,12:28:46,-07:00,2025-09-30T12:28:46-07:00,6,43
cv/index.html,29,html,94428de6,MaayahGa,2025-09-30,12:28:46,-07:00,2025-09-30T12:28:46-07:00,4,8
cv/index.html,30,html,94428de6,MaayahGa,2025-09-30,12:28:46,-07:00,2025-09-30T12:28:46-07:00,2,8
cv/index.html,31,html,94428de6,MaayahGa,2025-09-30,12:28:46,-07:00,2025-09-30T12:28:46-07:00,0,0
cv/index.html,32,html,94428de6,MaayahGa,2025-09-30,12:28:46,-07:00,2025-09-30T12:28:46-07:00,2,7
cv/index.html,33,html,94428de6,MaayahGa,2025-09-30,12:28:46,-07:00,2025-09-30T12:28:46-07:00,4,30
cv/index.html,34,html,94428de6,MaayahGa,2025-09-30,12:28:46,-07:00,2025-09-30T12:28:46-07:00,4,2
cv/index.html,35,html,94428de6,MaayahGa,2025-09-30,12:28:46,-07:00,2025-09-30T12:28:46-07:00,6,21
cv/index.html,36,html,94428de6,MaayahGa,2025-09-30,12:28:46,-07:00,2025-09-30T12:28:46-07:00,6,21
cv/index.html,37,html,94428de6,MaayahGa,2025-09-30,12:28:46,-07:00,2025-09-30T12:28:46-07:00,6,36
cv/index.html,38,html,94428de6,MaayahGa,2025-09-30,12:28:46,-07:00,2025-09-30T12:28:46-07:00,4,3
cv/index.html,39,html,94428de6,MaayahGa,2025-09-30,12:28:46,-07:00,2025-09-30T12:28:46-07:00,2,8
cv/index.html,40,html,4d53208f,MaayahGa,2025-10-16,15:06:10,-07:00,2025-10-16T15:06:10-07:00,2,48
cv/index.html,41,html,94428de6,MaayahGa,2025-09-30,12:28:46,-07:00,2025-09-30T12:28:46-07:00,0,5
cv/index.html,42,html,94428de6,MaayahGa,2025-09-30,12:28:46,-07:00,2025-09-30T12:28:46-07:00,0,5
contact/index.html,1,html,94428de6,MaayahGa,2025-09-30,12:28:46,-07:00,2025-09-30T12:28:46-07:00,0,13
contact/index.html,2,html,94428de6,MaayahGa,2025-09-30,12:28:46,-07:00,2025-09-30T12:28:46-07:00,0,14
contact/index.html,3,html,94428de6,MaayahGa,2025-09-30,12:28:46,-07:00,2025-09-30T12:28:46-07:00,0,4
contact/index.html,4,html,94428de6,MaayahGa,2025-09-30,12:28:46,-07:00,2025-09-30T12:28:46-07:00,2,20
contact/index.html,5,html,94428de6,MaayahGa,2025-09-30,12:28:46,-07:00,2025-09-30T12:28:46-07:00,2,68
contact/index.html,6,html,94428de6,MaayahGa,2025-09-30,12:28:46,-07:00,2025-09-30T12:28:46-07:00,2,37
contact/index.html,7,html,94428de6,MaayahGa,2025-09-30,12:28:46,-07:00,2025-09-30T12:28:46-07:00,2,41
contact/index.html,8,html,94428de6,MaayahGa,2025-09-30,12:28:46,-07:00,2025-09-30T12:28:46-07:00,0,5
contact/index.html,9,html,94428de6,MaayahGa,2025-09-30,12:28:46,-07:00,2025-09-30T12:28:46-07:00,0,4
contact/index.html,10,html,6340c434,MaayahGa,2025-10-16,15:22:36,-07:00,2025-10-16T15:22:36-07:00,0,0
contact/index.html,11,html,94428de6,MaayahGa,2025-09-30,12:28:46,-07:00,2025-09-30T12:28:46-07:00,2,14
contact/index.html,12,html,94428de6,MaayahGa,2025-09-30,12:28:46,-07:00,2025-09-30T12:28:46-07:00,2,80
contact/index.html,13,html,0dbd4dd9,MaayahGa,2025-10-16,22:28:36,-07:00,2025-10-16T22:28:36-07:00,2,11
contact/index.html,14,html,0dbd4dd9,MaayahGa,2025-10-16,22:28:36,-07:00,2025-10-16T22:28:36-07:00,4,56
contact/index.html,15,html,0dbd4dd9,MaayahGa,2025-10-16,22:28:36,-07:00,2025-10-16T22:28:36-07:00,2,6
contact/index.html,16,html,0dbd4dd9,MaayahGa,2025-10-16,22:28:36,-07:00,2025-10-16T22:28:36-07:00,2,6
contact/index.html,17,html,94428de6,MaayahGa,2025-09-30,12:28:46,-07:00,2025-09-30T12:28:46-07:00,0,0
contact/index.html,18,html,0dbd4dd9,MaayahGa,2025-10-16,22:28:36,-07:00,2025-10-16T22:28:36-07:00,2,13
contact/index.html,19,html,0dbd4dd9,MaayahGa,2025-10-16,22:28:36,-07:00,2025-10-16T22:28:36-07:00,4,42
contact/index.html,20,html,0dbd4dd9,MaayahGa,2025-10-16,22:28:36,-07:00,2025-10-16T22:28:36-07:00,2,6
contact/index.html,21,html,0dbd4dd9,MaayahGa,2025-10-16,22:28:36,-07:00,2025-10-16T22:28:36-07:00,2,6
contact/index.html,22,html,94428de6,MaayahGa,2025-09-30,12:28:46,-07:00,2025-09-30T12:28:46-07:00,0,0
contact/index.html,23,html,0dbd4dd9,MaayahGa,2025-10-16,22:28:36,-07:00,2025-10-16T22:28:36-07:00,2,13
contact/index.html,24,html,0dbd4dd9,MaayahGa,2025-10-16,22:28:36,-07:00,2025-10-16T22:28:36-07:00,4,71
contact/index.html,25,html,0dbd4dd9,MaayahGa,2025-10-16,22:28:36,-07:00,2025-10-16T22:28:36-07:00,2,6
contact/index.html,26,html,0dbd4dd9,MaayahGa,2025-10-16,22:28:36,-07:00,2025-10-16T22:28:36-07:00,2,6
contact/index.html,27,html,94428de6,MaayahGa,2025-09-30,12:28:46,-07:00,2025-09-30T12:28:46-07:00,0,0
contact/index.html,28,html,0dbd4dd9,MaayahGa,2025-10-16,22:28:36,-07:00,2025-10-16T22:28:36-07:00,2,19
contact/index.html,29,html,94428de6,MaayahGa,2025-09-30,12:28:46,-07:00,2025-09-30T12:28:46-07:00,2,5
contact/index.html,30,html,94428de6,MaayahGa,2025-09-30,12:28:46,-07:00,2025-09-30T12:28:46-07:00,2,29
contact/index.html,31,html,4d53208f,MaayahGa,2025-10-16,15:06:10,-07:00,2025-10-16T15:06:10-07:00,2,48
contact/index.html,32,html,94428de6,MaayahGa,2025-09-30,12:28:46,-07:00,2025-09-30T12:28:46-07:00,0,5
contact/index.html,33,html,0dbd4dd9,MaayahGa,2025-10-16,22:28:36,-07:00,2025-10-16T22:28:36-07:00,0,5
